id,value
OCSD,
OCSD.AlisoViejo,
OCSD.AlisoViejo.CRIMESAGAINSTPERSONS,
OCSD.AlisoViejo.CRIMESAGAINSTPERSONS.ANNOYINGORMOLESTINGACHILD,3
OCSD.AlisoViejo.CRIMESAGAINSTPERSONS.ASSAULTONPOLICEOFFICER,4
OCSD.AlisoViejo.CRIMESAGAINSTPERSONS.ASSAULTWITHDEADLYWEAPON,24
OCSD.AlisoViejo.CRIMESAGAINSTPERSONS.Assault/Battery,73
OCSD.AlisoViejo.CRIMESAGAINSTPERSONS.CARJACKINGINPROGRESS,1
OCSD.AlisoViejo.CRIMESAGAINSTPERSONS.CONCEALEDDIRKORDAGGER,3
OCSD.AlisoViejo.CRIMESAGAINSTPERSONS.DOMESTICVIOLENCE,388
OCSD.AlisoViejo.CRIMESAGAINSTPERSONS.ELDERLYABUSE,8
OCSD.AlisoViejo.CRIMESAGAINSTPERSONS.FALSEIMPRISONMENT,4
OCSD.AlisoViejo.CRIMESAGAINSTPERSONS.INDECENTEXPOSURE,4
OCSD.AlisoViejo.CRIMESAGAINSTPERSONS.LEWDCONDUCT-CHILDABUSE,10
OCSD.AlisoViejo.CRIMESAGAINSTPERSONS.MetalKnuckles,2
OCSD.AlisoViejo.CRIMESAGAINSTPERSONS.PEEKINGWITHINSTRUMENT,3
OCSD.AlisoViejo.CRIMESAGAINSTPERSONS.POSSESSIONOFCHILDPORNOGRAPHY,1
OCSD.AlisoViejo.CRIMESAGAINSTPERSONS.RESISTINGARREST,8
OCSD.AlisoViejo.CRIMESAGAINSTPERSONS.ROBBERYINPROGRESS,10
OCSD.AlisoViejo.CRIMESAGAINSTPERSONS.SEXUALASSAULT,131
OCSD.AlisoViejo.CRIMESAGAINSTPERSONS.SHOOTINGATINHABITEDDWELLINGINPROGRESS,3
OCSD.AlisoViejo.DISTURBANCE,
OCSD.AlisoViejo.DISTURBANCE.DISTURBANCE,4
OCSD.AlisoViejo.DISTURBANCE.lewdCONDUCT,1
OCSD.AlisoViejo.DISTURBANCE.LOITERINGONPRIVATEPROPERTTY,1
OCSD.AlisoViejo.DISTURBANCE.TRESPASSING,31
OCSD.AlisoViejo.DISTURBANCE.URINATINGINPUBLIC,1
OCSD.AlisoViejo.DRUGS/INTOXICATION,
OCSD.AlisoViejo.DRUGS/INTOXICATION.DRIVINGUNDERTHEINFLUENCE,69
OCSD.AlisoViejo.DRUGS/INTOXICATION.DRUNKINPUBLIC,20
OCSD.AlisoViejo.DRUGS/INTOXICATION.NARCOTICVIOLATION,100
OCSD.AlisoViejo.DRUGS/INTOXICATION.NARCOTICVIOLATIONMISDEMEANOR,46
OCSD.AlisoViejo.DRUGS/INTOXICATION.OpenContainer,8
OCSD.AlisoViejo.DRUGS/INTOXICATION.POSSESSIONFORSALEOFNARCOTICS,5
OCSD.AlisoViejo.DRUGS/INTOXICATION.POSSESSIONFORSLAEOFDESIGNATEDSUBSTANCES,30
OCSD.AlisoViejo.DRUGS/INTOXICATION.POSSESSIONOFACONTROLLEDSUBSTANCE,9
OCSD.AlisoViejo.DRUGS/INTOXICATION.PossessionofDrugParaphernalia,191
OCSD.AlisoViejo.DRUGS/INTOXICATION.PossessionofMarijuanaforSale,1
OCSD.AlisoViejo.DRUGS/INTOXICATION.PossessionofMethamphetamine,131
OCSD.AlisoViejo.DRUGS/INTOXICATION.POSSESSIONOFTOLUENE,2
OCSD.AlisoViejo.DRUGS/INTOXICATION.SALEOFMETHAMPHETAMINE,10
OCSD.AlisoViejo.DRUGS/INTOXICATION.SALEORTRANSPORTATIONOFACONTROLLEDSUBSTANCE,1
OCSD.AlisoViejo.DRUGS/INTOXICATION.TRANSPORTINGORSALEOFMETHAMPHETAMINE,2
OCSD.AlisoViejo.DRUGS/INTOXICATION.UNDERTHEINFLUENCEDRUGS,17
OCSD.AlisoViejo.PROPERTYDAMAGE,
OCSD.AlisoViejo.PROPERTYDAMAGE.MALICIOUSMISCHIEFTOAVEHICLE,1
OCSD.AlisoViejo.PROPERTYDAMAGE.VANDALISMINPROGRESS,234
OCSD.AlisoViejo.RESISTINGARREST,
OCSD.AlisoViejo.RESISTINGARREST.RESISTINGARREST,2
OCSD.AlisoViejo.THEFT/BURGLARY,
OCSD.AlisoViejo.THEFT/BURGLARY.APPROPRIATIONOFLOSTPROPERTY,2
OCSD.AlisoViejo.THEFT/BURGLARY.BURGLARYINPROGRESS,48
OCSD.AlisoViejo.THEFT/BURGLARY.CHECKFRAUD,4
OCSD.AlisoViejo.THEFT/BURGLARY.CRIMINALPROFITTEERING,3
OCSD.AlisoViejo.THEFT/BURGLARY.DEFRAUDINGANINNKEEPER,2
OCSD.AlisoViejo.THEFT/BURGLARY.ForgeryandCounterfeiting,2
OCSD.AlisoViejo.THEFT/BURGLARY.FORGERYINPROGRESS,8
OCSD.AlisoViejo.THEFT/BURGLARY.ForgingOrPossessingAFraudulentPublicSeal,1
OCSD.AlisoViejo.THEFT/BURGLARY.GRANDTHEFT,124
OCSD.AlisoViejo.THEFT/BURGLARY.IDTHEFT,72
OCSD.AlisoViejo.THEFT/BURGLARY.PETTYTHEFT,16
OCSD.AlisoViejo.THEFT/BURGLARY.POSSESSIONOFBURGLARYTOOL,5
OCSD.AlisoViejo.THEFT/BURGLARY.RECEIVINGSTOLENPROPERTY,22
OCSD.AlisoViejo.THEFT/BURGLARY.TAMPERINGWITHAVEHICLE,24
OCSD.AlisoViejo.THEFT/BURGLARY.UnlawfulTakingorDrivingaVehicle,69
OCSD.AlisoViejo.THREATSAGAINSTPERSONS,
OCSD.AlisoViejo.THREATSAGAINSTPERSONS.BRANDISHINGAWEAPON,10
OCSD.AlisoViejo.THREATSAGAINSTPERSONS.POSSESSIONOFWEAPONONCAMPUS,9
OCSD.AlisoViejo.THREATSAGAINSTPERSONS.TERRORISTTHREATS,23
OCSD.CotoDeCaza,
OCSD.CotoDeCaza.CRIMESAGAINSTPERSONS,
OCSD.CotoDeCaza.CRIMESAGAINSTPERSONS.ASSAULTWITHDEADLYWEAPON,2
OCSD.CotoDeCaza.CRIMESAGAINSTPERSONS.Assault/Battery,3
OCSD.CotoDeCaza.CRIMESAGAINSTPERSONS.DOMESTICVIOLENCE,24
OCSD.CotoDeCaza.CRIMESAGAINSTPERSONS.FALSEIMPRISONMENT,1
OCSD.CotoDeCaza.CRIMESAGAINSTPERSONS.RESISTINGARREST,1
OCSD.CotoDeCaza.CRIMESAGAINSTPERSONS.SEXUALASSAULT,8
OCSD.CotoDeCaza.DISTURBANCE,
OCSD.CotoDeCaza.DISTURBANCE.TRESPASSING,5
OCSD.CotoDeCaza.DRUGS/INTOXICATION,
OCSD.CotoDeCaza.DRUGS/INTOXICATION.DRIVINGUNDERTHEINFLUENCE,1
OCSD.CotoDeCaza.DRUGS/INTOXICATION.NARCOTICVIOLATION,3
OCSD.CotoDeCaza.DRUGS/INTOXICATION.PossessionofDrugParaphernalia,5
OCSD.CotoDeCaza.DRUGS/INTOXICATION.PossessionofMethamphetamine,1
OCSD.CotoDeCaza.DRUGS/INTOXICATION.UNDERTHEINFLUENCEDRUGS,1
OCSD.CotoDeCaza.PROPERTYDAMAGE,
OCSD.CotoDeCaza.PROPERTYDAMAGE.VANDALISMINPROGRESS,29
OCSD.CotoDeCaza.RESISTINGARREST,
OCSD.CotoDeCaza.RESISTINGARREST.RESISTINGARREST,1
OCSD.CotoDeCaza.THEFT/BURGLARY,
OCSD.CotoDeCaza.THEFT/BURGLARY.BURGLARYINPROGRESS,1
OCSD.CotoDeCaza.THEFT/BURGLARY.GRANDTHEFT,25
OCSD.CotoDeCaza.THEFT/BURGLARY.IDTHEFT,8
OCSD.CotoDeCaza.THEFT/BURGLARY.RECEIVINGSTOLENPROPERTY,1
OCSD.CotoDeCaza.THEFT/BURGLARY.TAMPERINGWITHAVEHICLE,5
OCSD.CotoDeCaza.THEFT/BURGLARY.UnlawfulTakingorDrivingaVehicle,2
OCSD.CotoDeCaza.THREATSAGAINSTPERSONS,
OCSD.CotoDeCaza.THREATSAGAINSTPERSONS.TERRORISTTHREATS,4
OCSD.DanaPoint,
OCSD.DanaPoint.CRIMESAGAINSTPERSONS,
OCSD.DanaPoint.CRIMESAGAINSTPERSONS.ANNOYINGORMOLESTINGACHILD,6
OCSD.DanaPoint.CRIMESAGAINSTPERSONS.ASSAULTONPOLICEOFFICER,22
OCSD.DanaPoint.CRIMESAGAINSTPERSONS.ASSAULTWITHDEADLYWEAPON,44
OCSD.DanaPoint.CRIMESAGAINSTPERSONS.Assault/Battery,75
OCSD.DanaPoint.CRIMESAGAINSTPERSONS.ATTEMPTEDMURDER,4
OCSD.DanaPoint.CRIMESAGAINSTPERSONS.CONCEALEDDIRKORDAGGER,9
OCSD.DanaPoint.CRIMESAGAINSTPERSONS.DOMESTICVIOLENCE,156
OCSD.DanaPoint.CRIMESAGAINSTPERSONS.ELDERLYABUSE,4
OCSD.DanaPoint.CRIMESAGAINSTPERSONS.FALSEIMPRISONMENT,5
OCSD.DanaPoint.CRIMESAGAINSTPERSONS.INDECENTEXPOSURE,4
OCSD.DanaPoint.CRIMESAGAINSTPERSONS.LEWDCONDUCT-CHILDABUSE,9
OCSD.DanaPoint.CRIMESAGAINSTPERSONS.MetalKnuckles,7
OCSD.DanaPoint.CRIMESAGAINSTPERSONS.PEEKINGWITHINSTRUMENT,2
OCSD.DanaPoint.CRIMESAGAINSTPERSONS.RESISTINGARREST,9
OCSD.DanaPoint.CRIMESAGAINSTPERSONS.ROBBERYINPROGRESS,26
OCSD.DanaPoint.CRIMESAGAINSTPERSONS.SEXUALASSAULT,117
OCSD.DanaPoint.CRIMESAGAINSTPERSONS.SHOOTINGATINHABITEDDWELLINGINPROGRESS,3
OCSD.DanaPoint.DISTURBANCE,
OCSD.DanaPoint.DISTURBANCE.DISORDERLYCONDUCT-PROSTITUTION,1
OCSD.DanaPoint.DISTURBANCE.DISTURBANCE,3
OCSD.DanaPoint.DISTURBANCE.lewdCONDUCT,3
OCSD.DanaPoint.DISTURBANCE.LOITERINGONPRIVATEPROPERTTY,1
OCSD.DanaPoint.DISTURBANCE.PUBLICNUISANCE,3
OCSD.DanaPoint.DISTURBANCE.RAILROADTRESSPASSING,1
OCSD.DanaPoint.DISTURBANCE.TRESPASSING,60
OCSD.DanaPoint.DISTURBANCE.URINATINGINPUBLIC,4
OCSD.DanaPoint.DRUGS/INTOXICATION,
OCSD.DanaPoint.DRUGS/INTOXICATION.DRIVINGUNDERTHEINFLUENCE,152
OCSD.DanaPoint.DRUGS/INTOXICATION.DRUNKINPUBLIC,14
OCSD.DanaPoint.DRUGS/INTOXICATION.NARCOTICVIOLATION,99
OCSD.DanaPoint.DRUGS/INTOXICATION.NARCOTICVIOLATIONMISDEMEANOR,65
OCSD.DanaPoint.DRUGS/INTOXICATION.OpenContainer,10
OCSD.DanaPoint.DRUGS/INTOXICATION.POSSESSIONFORSALEOFNARCOTICS,14
OCSD.DanaPoint.DRUGS/INTOXICATION.POSSESSIONFORSLAEOFDESIGNATEDSUBSTANCES,24
OCSD.DanaPoint.DRUGS/INTOXICATION.POSSESSIONOFACONTROLLEDSUBSTANCE,27
OCSD.DanaPoint.DRUGS/INTOXICATION.PossessionofDrugParaphernalia,310
OCSD.DanaPoint.DRUGS/INTOXICATION.PossessionofMarijuanaforSale,10
OCSD.DanaPoint.DRUGS/INTOXICATION.PossessionofMethamphetamine,179
OCSD.DanaPoint.DRUGS/INTOXICATION.SALEOFMETHAMPHETAMINE,17
OCSD.DanaPoint.DRUGS/INTOXICATION.SALEORTRANSPORTATIONOFACONTROLLEDSUBSTANCE,5
OCSD.DanaPoint.DRUGS/INTOXICATION.TRANSPORTINGORSALEOFMETHAMPHETAMINE,2
OCSD.DanaPoint.DRUGS/INTOXICATION.UNDERTHEINFLUENCEDRUGS,18
OCSD.DanaPoint.PROPERTYDAMAGE,
OCSD.DanaPoint.PROPERTYDAMAGE.VANDALISMINPROGRESS,349
OCSD.DanaPoint.RESISTINGARREST,
OCSD.DanaPoint.RESISTINGARREST.RESISTINGARREST,7
OCSD.DanaPoint.THEFT/BURGLARY,
OCSD.DanaPoint.THEFT/BURGLARY.APPROPRIATIONOFLOSTPROPERTY,20
OCSD.DanaPoint.THEFT/BURGLARY.BURGLARYINPROGRESS,123
OCSD.DanaPoint.THEFT/BURGLARY.CHECKFRAUD,4
OCSD.DanaPoint.THEFT/BURGLARY.CRIMINALPROFITTEERING,2
OCSD.DanaPoint.THEFT/BURGLARY.DEFRAUDINGANINNKEEPER,38
OCSD.DanaPoint.THEFT/BURGLARY.ForgeryandCounterfeiting,1
OCSD.DanaPoint.THEFT/BURGLARY.FORGERYINPROGRESS,4
OCSD.DanaPoint.THEFT/BURGLARY.GRANDTHEFT,180
OCSD.DanaPoint.THEFT/BURGLARY.IDTHEFT,57
OCSD.DanaPoint.THEFT/BURGLARY.PETTYTHEFT,13
OCSD.DanaPoint.THEFT/BURGLARY.POSSESSIONOFBURGLARYTOOL,19
OCSD.DanaPoint.THEFT/BURGLARY.RECEIVINGSTOLENPROPERTY,32
OCSD.DanaPoint.THEFT/BURGLARY.STOLENVEHICLE,1
OCSD.DanaPoint.THEFT/BURGLARY.TAMPERINGWITHAVEHICLE,26
OCSD.DanaPoint.THEFT/BURGLARY.UnlawfulTakingorDrivingaVehicle,98
OCSD.DanaPoint.THREATSAGAINSTPERSONS,
OCSD.DanaPoint.THREATSAGAINSTPERSONS.BRANDISHINGAWEAPON,8
OCSD.DanaPoint.THREATSAGAINSTPERSONS.POSSESSIONOFWEAPONONCAMPUS,8
OCSD.DanaPoint.THREATSAGAINSTPERSONS.TERRORISTTHREATS,26
OCSD.DanaPointHarbor,
OCSD.DanaPointHarbor.CRIMESAGAINSTPERSONS,
OCSD.DanaPointHarbor.CRIMESAGAINSTPERSONS.ASSAULTWITHDEADLYWEAPON,1
OCSD.DanaPointHarbor.CRIMESAGAINSTPERSONS.Assault/Battery,1
OCSD.DanaPointHarbor.CRIMESAGAINSTPERSONS.DOMESTICVIOLENCE,3
OCSD.DanaPointHarbor.CRIMESAGAINSTPERSONS.POSSESSIONOFCHILDPORNOGRAPHY,1
OCSD.DanaPointHarbor.CRIMESAGAINSTPERSONS.SEXUALASSAULT,1
OCSD.DanaPointHarbor.DISTURBANCE,
OCSD.DanaPointHarbor.DISTURBANCE.TRESPASSING,1
OCSD.DanaPointHarbor.DRUGS/INTOXICATION,
OCSD.DanaPointHarbor.DRUGS/INTOXICATION.DRUNKINPUBLIC,1
OCSD.DanaPointHarbor.DRUGS/INTOXICATION.NARCOTICVIOLATION,3
OCSD.DanaPointHarbor.DRUGS/INTOXICATION.NARCOTICVIOLATIONMISDEMEANOR,6
OCSD.DanaPointHarbor.DRUGS/INTOXICATION.POSSESSIONFORSALEOFNARCOTICS,1
OCSD.DanaPointHarbor.DRUGS/INTOXICATION.PossessionofDrugParaphernalia,12
OCSD.DanaPointHarbor.DRUGS/INTOXICATION.PossessionofMethamphetamine,7
OCSD.DanaPointHarbor.PROPERTYDAMAGE,
OCSD.DanaPointHarbor.PROPERTYDAMAGE.VANDALISMINPROGRESS,2
OCSD.DanaPointHarbor.THEFT/BURGLARY,
OCSD.DanaPointHarbor.THEFT/BURGLARY.BURGLARYINPROGRESS,1
OCSD.DanaPointHarbor.THEFT/BURGLARY.GRANDTHEFT,11
OCSD.Fairgrounds,
OCSD.Fairgrounds.CRIMESAGAINSTPERSONS,
OCSD.Fairgrounds.CRIMESAGAINSTPERSONS.ANNOYINGORMOLESTINGACHILD,1
OCSD.Fairgrounds.CRIMESAGAINSTPERSONS.ASSAULTONPOLICEOFFICER,1
OCSD.Fairgrounds.CRIMESAGAINSTPERSONS.ASSAULTWITHDEADLYWEAPON,1
OCSD.Fairgrounds.CRIMESAGAINSTPERSONS.Assault/Battery,11
OCSD.Fairgrounds.CRIMESAGAINSTPERSONS.DOMESTICVIOLENCE,3
OCSD.Fairgrounds.CRIMESAGAINSTPERSONS.INDECENTEXPOSURE,1
OCSD.Fairgrounds.CRIMESAGAINSTPERSONS.PEEKINGWITHINSTRUMENT,1
OCSD.Fairgrounds.CRIMESAGAINSTPERSONS.RESISTINGARREST,1
OCSD.Fairgrounds.CRIMESAGAINSTPERSONS.ROBBERYINPROGRESS,2
OCSD.Fairgrounds.CRIMESAGAINSTPERSONS.SEXUALASSAULT,6
OCSD.Fairgrounds.DISTURBANCE,
OCSD.Fairgrounds.DISTURBANCE.TRESPASSING,2
OCSD.Fairgrounds.DRUGS/INTOXICATION,
OCSD.Fairgrounds.DRUGS/INTOXICATION.DRIVINGUNDERTHEINFLUENCE,1
OCSD.Fairgrounds.DRUGS/INTOXICATION.DRUNKINPUBLIC,3
OCSD.Fairgrounds.DRUGS/INTOXICATION.PossessionofMethamphetamine,1
OCSD.Fairgrounds.PROPERTYDAMAGE,
OCSD.Fairgrounds.PROPERTYDAMAGE.VANDALISMINPROGRESS,1
OCSD.Fairgrounds.THEFT/BURGLARY,
OCSD.Fairgrounds.THEFT/BURGLARY.BURGLARYINPROGRESS,1
OCSD.Fairgrounds.THEFT/BURGLARY.CHECKFRAUD,1
OCSD.Fairgrounds.THEFT/BURGLARY.GRANDTHEFT,5
OCSD.Fairgrounds.THEFT/BURGLARY.IDTHEFT,3
OCSD.Fairgrounds.THEFT/BURGLARY.RECEIVINGSTOLENPROPERTY,1
OCSD.Fairgrounds.THEFT/BURGLARY.TAMPERINGWITHAVEHICLE,1
OCSD.Fairgrounds.THEFT/BURGLARY.UnlawfulTakingorDrivingaVehicle,2
OCSD.Fairgrounds.THREATSAGAINSTPERSONS,
OCSD.Fairgrounds.THREATSAGAINSTPERSONS.TERRORISTTHREATS,1
OCSD.JohnWayneAirport,
OCSD.JohnWayneAirport.CRIMESAGAINSTPERSONS,
OCSD.JohnWayneAirport.CRIMESAGAINSTPERSONS.ASSAULTWITHDEADLYWEAPON,1
OCSD.JohnWayneAirport.CRIMESAGAINSTPERSONS.Assault/Battery,4
OCSD.JohnWayneAirport.CRIMESAGAINSTPERSONS.CONCEALEDDIRKORDAGGER,1
OCSD.JohnWayneAirport.CRIMESAGAINSTPERSONS.DOMESTICVIOLENCE,6
OCSD.JohnWayneAirport.CRIMESAGAINSTPERSONS.INDECENTEXPOSURE,1
OCSD.JohnWayneAirport.CRIMESAGAINSTPERSONS.MetalKnuckles,13
OCSD.JohnWayneAirport.CRIMESAGAINSTPERSONS.ROBBERYINPROGRESS,1
OCSD.JohnWayneAirport.CRIMESAGAINSTPERSONS.SEXUALASSAULT,2
OCSD.JohnWayneAirport.CRIMESAGAINSTPERSONS.WEAPONINCOURT,56
OCSD.JohnWayneAirport.DISTURBANCE,
OCSD.JohnWayneAirport.DISTURBANCE.TRESPASSING,5
OCSD.JohnWayneAirport.DRUGS/INTOXICATION,
OCSD.JohnWayneAirport.DRUGS/INTOXICATION.DRIVINGUNDERTHEINFLUENCE,6
OCSD.JohnWayneAirport.DRUGS/INTOXICATION.DRUNKINPUBLIC,6
OCSD.JohnWayneAirport.DRUGS/INTOXICATION.NARCOTICVIOLATION,5
OCSD.JohnWayneAirport.DRUGS/INTOXICATION.NARCOTICVIOLATIONMISDEMEANOR,6
OCSD.JohnWayneAirport.DRUGS/INTOXICATION.OpenContainer,2
OCSD.JohnWayneAirport.DRUGS/INTOXICATION.POSSESSIONFORSALEOFNARCOTICS,1
OCSD.JohnWayneAirport.DRUGS/INTOXICATION.POSSESSIONOFACONTROLLEDSUBSTANCE,3
OCSD.JohnWayneAirport.DRUGS/INTOXICATION.PossessionofDrugParaphernalia,9
OCSD.JohnWayneAirport.DRUGS/INTOXICATION.PossessionofMethamphetamine,6
OCSD.JohnWayneAirport.PROPERTYDAMAGE,
OCSD.JohnWayneAirport.PROPERTYDAMAGE.VANDALISMINPROGRESS,10
OCSD.JohnWayneAirport.RESISTINGARREST,
OCSD.JohnWayneAirport.RESISTINGARREST.RESISTINGARREST,1
OCSD.JohnWayneAirport.THEFT/BURGLARY,
OCSD.JohnWayneAirport.THEFT/BURGLARY.BURGLARYINPROGRESS,1
OCSD.JohnWayneAirport.THEFT/BURGLARY.DEFRAUDINGANINNKEEPER,11
OCSD.JohnWayneAirport.THEFT/BURGLARY.FORGERYINPROGRESS,1
OCSD.JohnWayneAirport.THEFT/BURGLARY.GRANDTHEFT,23
OCSD.JohnWayneAirport.THEFT/BURGLARY.IDTHEFT,2
OCSD.JohnWayneAirport.THEFT/BURGLARY.PETTYTHEFT,2
OCSD.JohnWayneAirport.THEFT/BURGLARY.RECEIVINGSTOLENPROPERTY,1
OCSD.JohnWayneAirport.THEFT/BURGLARY.TAMPERINGWITHAVEHICLE,1
OCSD.JohnWayneAirport.THEFT/BURGLARY.UnlawfulTakingorDrivingaVehicle,134
OCSD.JohnWayneAirport.THREATSAGAINSTPERSONS,
OCSD.JohnWayneAirport.THREATSAGAINSTPERSONS.TERRORISTTHREATS,2
OCSD.LaderaRanch,
OCSD.LaderaRanch.CRIMESAGAINSTPERSONS,
OCSD.LaderaRanch.CRIMESAGAINSTPERSONS.ASSAULTONPOLICEOFFICER,2
OCSD.LaderaRanch.CRIMESAGAINSTPERSONS.ASSAULTWITHDEADLYWEAPON,6
OCSD.LaderaRanch.CRIMESAGAINSTPERSONS.Assault/Battery,29
OCSD.LaderaRanch.CRIMESAGAINSTPERSONS.ATTEMPTEDMURDER,1
OCSD.LaderaRanch.CRIMESAGAINSTPERSONS.CARJACKINGINPROGRESS,1
OCSD.LaderaRanch.CRIMESAGAINSTPERSONS.DOMESTICVIOLENCE,139
OCSD.LaderaRanch.CRIMESAGAINSTPERSONS.ELDERLYABUSE,1
OCSD.LaderaRanch.CRIMESAGAINSTPERSONS.FALSEIMPRISONMENT,4
OCSD.LaderaRanch.CRIMESAGAINSTPERSONS.INDECENTEXPOSURE,2
OCSD.LaderaRanch.CRIMESAGAINSTPERSONS.LEWDCONDUCT-CHILDABUSE,2
OCSD.LaderaRanch.CRIMESAGAINSTPERSONS.PEEKINGWITHINSTRUMENT,1
OCSD.LaderaRanch.CRIMESAGAINSTPERSONS.ROBBERYINPROGRESS,8
OCSD.LaderaRanch.CRIMESAGAINSTPERSONS.SEXUALASSAULT,44
OCSD.LaderaRanch.CRIMESAGAINSTPERSONS.SHOOTINGATINHABITEDDWELLINGINPROGRESS,1
OCSD.LaderaRanch.DISTURBANCE,
OCSD.LaderaRanch.DISTURBANCE.DISTURBANCE,1
OCSD.LaderaRanch.DISTURBANCE.LOITERINGONPRIVATEPROPERTTY,1
OCSD.LaderaRanch.DISTURBANCE.PEEKINGWHILELOITERING,1
OCSD.LaderaRanch.DISTURBANCE.RAILROADTRESSPASSING,2
OCSD.LaderaRanch.DISTURBANCE.TRESPASSING,7
OCSD.LaderaRanch.DRUGS/INTOXICATION,
OCSD.LaderaRanch.DRUGS/INTOXICATION.DRIVINGUNDERTHEINFLUENCE,6
OCSD.LaderaRanch.DRUGS/INTOXICATION.DRUNKINPUBLIC,3
OCSD.LaderaRanch.DRUGS/INTOXICATION.NARCOTICVIOLATION,14
OCSD.LaderaRanch.DRUGS/INTOXICATION.NARCOTICVIOLATIONMISDEMEANOR,9
OCSD.LaderaRanch.DRUGS/INTOXICATION.OpenContainer,1
OCSD.LaderaRanch.DRUGS/INTOXICATION.POSSESSIONFORSLAEOFDESIGNATEDSUBSTANCES,1
OCSD.LaderaRanch.DRUGS/INTOXICATION.POSSESSIONOFACONTROLLEDSUBSTANCE,2
OCSD.LaderaRanch.DRUGS/INTOXICATION.PossessionofDrugParaphernalia,30
OCSD.LaderaRanch.DRUGS/INTOXICATION.PossessionofMethamphetamine,28
OCSD.LaderaRanch.DRUGS/INTOXICATION.SALEOFMETHAMPHETAMINE,1
OCSD.LaderaRanch.PROPERTYDAMAGE,
OCSD.LaderaRanch.PROPERTYDAMAGE.VANDALISMINPROGRESS,89
OCSD.LaderaRanch.RESISTINGARREST,
OCSD.LaderaRanch.RESISTINGARREST.RESISTINGARREST,1
OCSD.LaderaRanch.THEFT/BURGLARY,
OCSD.LaderaRanch.THEFT/BURGLARY.BURGLARYINPROGRESS,39
OCSD.LaderaRanch.THEFT/BURGLARY.CHECKFRAUD,1
OCSD.LaderaRanch.THEFT/BURGLARY.DEFRAUDINGANINNKEEPER,1
OCSD.LaderaRanch.THEFT/BURGLARY.FORGERYINPROGRESS,4
OCSD.LaderaRanch.THEFT/BURGLARY.GRANDTHEFT,58
OCSD.LaderaRanch.THEFT/BURGLARY.IDTHEFT,31
OCSD.LaderaRanch.THEFT/BURGLARY.PETTYTHEFT,2
OCSD.LaderaRanch.THEFT/BURGLARY.POSSESSIONOFBURGLARYTOOL,5
OCSD.LaderaRanch.THEFT/BURGLARY.RECEIVINGSTOLENPROPERTY,8
OCSD.LaderaRanch.THEFT/BURGLARY.STOLENVEHICLE,3
OCSD.LaderaRanch.THEFT/BURGLARY.TAMPERINGWITHAVEHICLE,6
OCSD.LaderaRanch.THEFT/BURGLARY.UnlawfulTakingorDrivingaVehicle,20
OCSD.LaderaRanch.THREATSAGAINSTPERSONS,
OCSD.LaderaRanch.THREATSAGAINSTPERSONS.BRANDISHINGAWEAPON,2
OCSD.LaderaRanch.THREATSAGAINSTPERSONS.POSSESSIONOFWEAPONONCAMPUS,3
OCSD.LaderaRanch.THREATSAGAINSTPERSONS.TERRORISTTHREATS,9
OCSD.LagunaHills,
OCSD.LagunaHills.CRIMESAGAINSTPERSONS,
OCSD.LagunaHills.CRIMESAGAINSTPERSONS.ASSAULTONPOLICEOFFICER,3
OCSD.LagunaHills.CRIMESAGAINSTPERSONS.ASSAULTWITHDEADLYWEAPON,20
OCSD.LagunaHills.CRIMESAGAINSTPERSONS.Assault/Battery,53
OCSD.LagunaHills.CRIMESAGAINSTPERSONS.ATTEMPTEDMURDER,3
OCSD.LagunaHills.CRIMESAGAINSTPERSONS.CARJACKINGINPROGRESS,2
OCSD.LagunaHills.CRIMESAGAINSTPERSONS.CONCEALEDDIRKORDAGGER,5
OCSD.LagunaHills.CRIMESAGAINSTPERSONS.DOMESTICVIOLENCE,120
OCSD.LagunaHills.CRIMESAGAINSTPERSONS.ELDERLYABUSE,6
OCSD.LagunaHills.CRIMESAGAINSTPERSONS.FALSEIMPRISONMENT,4
OCSD.LagunaHills.CRIMESAGAINSTPERSONS.INDECENTEXPOSURE,2
OCSD.LagunaHills.CRIMESAGAINSTPERSONS.KIDNAPPING,1
OCSD.LagunaHills.CRIMESAGAINSTPERSONS.LEWDCONDUCT-CHILDABUSE,5
OCSD.LagunaHills.CRIMESAGAINSTPERSONS.MetalKnuckles,1
OCSD.LagunaHills.CRIMESAGAINSTPERSONS.RESISTINGARREST,5
OCSD.LagunaHills.CRIMESAGAINSTPERSONS.ROBBERYINPROGRESS,22
OCSD.LagunaHills.CRIMESAGAINSTPERSONS.SEXUALASSAULT,63
OCSD.LagunaHills.CRIMESAGAINSTPERSONS.SHOOTINGATINHABITEDDWELLINGINPROGRESS,1
OCSD.LagunaHills.DISTURBANCE,
OCSD.LagunaHills.DISTURBANCE.DISORDERLYCONDUCT-PROSTITUTION,27
OCSD.LagunaHills.DISTURBANCE.DISTURBANCE,7
OCSD.LagunaHills.DISTURBANCE.lewdCONDUCT,2
OCSD.LagunaHills.DISTURBANCE.LOITERINGONPRIVATEPROPERTTY,1
OCSD.LagunaHills.DISTURBANCE.PEEKINGWHILELOITERING,1
OCSD.LagunaHills.DISTURBANCE.TRESPASSING,32
OCSD.LagunaHills.DISTURBANCE.URINATINGINPUBLIC,2
OCSD.LagunaHills.DRUGS/INTOXICATION,
OCSD.LagunaHills.DRUGS/INTOXICATION.DRIVINGUNDERTHEINFLUENCE,68
OCSD.LagunaHills.DRUGS/INTOXICATION.DRUNKINPUBLIC,25
OCSD.LagunaHills.DRUGS/INTOXICATION.NARCOTICVIOLATION,73
OCSD.LagunaHills.DRUGS/INTOXICATION.NARCOTICVIOLATIONMISDEMEANOR,45
OCSD.LagunaHills.DRUGS/INTOXICATION.OpenContainer,4
OCSD.LagunaHills.DRUGS/INTOXICATION.POSSESSIONFORSALEOFNARCOTICS,10
OCSD.LagunaHills.DRUGS/INTOXICATION.POSSESSIONFORSLAEOFDESIGNATEDSUBSTANCES,22
OCSD.LagunaHills.DRUGS/INTOXICATION.POSSESSIONOFACONTROLLEDSUBSTANCE,17
OCSD.LagunaHills.DRUGS/INTOXICATION.PossessionofDrugParaphernalia,173
OCSD.LagunaHills.DRUGS/INTOXICATION.PossessionofMarijuanaforSale,1
OCSD.LagunaHills.DRUGS/INTOXICATION.PossessionofMethamphetamine,117
OCSD.LagunaHills.DRUGS/INTOXICATION.POSSESSIONOFTOLUENE,1
OCSD.LagunaHills.DRUGS/INTOXICATION.SALEOFMETHAMPHETAMINE,11
OCSD.LagunaHills.DRUGS/INTOXICATION.SALEORTRANSPORTATIONOFACONTROLLEDSUBSTANCE,4
OCSD.LagunaHills.DRUGS/INTOXICATION.TRANSPORTINGORSALEOFMETHAMPHETAMINE,3
OCSD.LagunaHills.DRUGS/INTOXICATION.UNDERTHEINFLUENCEDRUGS,11
OCSD.LagunaHills.PROPERTYDAMAGE,
OCSD.LagunaHills.PROPERTYDAMAGE.VANDALISMINPROGRESS,185
OCSD.LagunaHills.RESISTINGARREST,
OCSD.LagunaHills.RESISTINGARREST.RESISTINGARREST,3
OCSD.LagunaHills.THEFT/BURGLARY,
OCSD.LagunaHills.THEFT/BURGLARY.APPROPRIATIONOFLOSTPROPERTY,10
OCSD.LagunaHills.THEFT/BURGLARY.BURGLARYINPROGRESS,117
OCSD.LagunaHills.THEFT/BURGLARY.CHECKFRAUD,1
OCSD.LagunaHills.THEFT/BURGLARY.COUNTERFITGOODS,2
OCSD.LagunaHills.THEFT/BURGLARY.DEFRAUDINGANINNKEEPER,3
OCSD.LagunaHills.THEFT/BURGLARY.FORGERY,1
OCSD.LagunaHills.THEFT/BURGLARY.FORGERYINPROGRESS,9
OCSD.LagunaHills.THEFT/BURGLARY.ForgingOrPossessingAFraudulentPublicSeal,1
OCSD.LagunaHills.THEFT/BURGLARY.GRANDTHEFT,144
OCSD.LagunaHills.THEFT/BURGLARY.IDTHEFT,57
OCSD.LagunaHills.THEFT/BURGLARY.PETTYTHEFT,5
OCSD.LagunaHills.THEFT/BURGLARY.POSSESSIONOFBURGLARYTOOL,13
OCSD.LagunaHills.THEFT/BURGLARY.RECEIVINGSTOLENPROPERTY,22
OCSD.LagunaHills.THEFT/BURGLARY.TAMPERINGWITHAVEHICLE,15
OCSD.LagunaHills.THEFT/BURGLARY.UnlawfulTakingorDrivingaVehicle,113
OCSD.LagunaHills.THREATSAGAINSTPERSONS,
OCSD.LagunaHills.THREATSAGAINSTPERSONS.BRANDISHINGAWEAPON,8
OCSD.LagunaHills.THREATSAGAINSTPERSONS.POSSESSIONOFWEAPONONCAMPUS,9
OCSD.LagunaHills.THREATSAGAINSTPERSONS.TERRORISTTHREATS,18
OCSD.LagunaNiguel,
OCSD.LagunaNiguel.CRIMESAGAINSTPERSONS,
OCSD.LagunaNiguel.CRIMESAGAINSTPERSONS.ANNOYINGORMOLESTINGACHILD,3
OCSD.LagunaNiguel.CRIMESAGAINSTPERSONS.ASSAULTONPOLICEOFFICER,1
OCSD.LagunaNiguel.CRIMESAGAINSTPERSONS.ASSAULTWITHDEADLYWEAPON,31
OCSD.LagunaNiguel.CRIMESAGAINSTPERSONS.Assault/Battery,96
OCSD.LagunaNiguel.CRIMESAGAINSTPERSONS.ATTEMPTEDMURDER,3
OCSD.LagunaNiguel.CRIMESAGAINSTPERSONS.CARJACKINGINPROGRESS,5
OCSD.LagunaNiguel.CRIMESAGAINSTPERSONS.CONCEALEDDIRKORDAGGER,7
OCSD.LagunaNiguel.CRIMESAGAINSTPERSONS.DOMESTICVIOLENCE,297
OCSD.LagunaNiguel.CRIMESAGAINSTPERSONS.ELDERLYABUSE,8
OCSD.LagunaNiguel.CRIMESAGAINSTPERSONS.FALSEIMPRISONMENT,23
OCSD.LagunaNiguel.CRIMESAGAINSTPERSONS.HOMICIDE,3
OCSD.LagunaNiguel.CRIMESAGAINSTPERSONS.INDECENTEXPOSURE,4
OCSD.LagunaNiguel.CRIMESAGAINSTPERSONS.KIDNAPPING,4
OCSD.LagunaNiguel.CRIMESAGAINSTPERSONS.LEWDCONDUCT-CHILDABUSE,10
OCSD.LagunaNiguel.CRIMESAGAINSTPERSONS.MANSLAUGHTER,1
OCSD.LagunaNiguel.CRIMESAGAINSTPERSONS.MetalKnuckles,6
OCSD.LagunaNiguel.CRIMESAGAINSTPERSONS.PEEKINGWITHINSTRUMENT,1
OCSD.LagunaNiguel.CRIMESAGAINSTPERSONS.RESISTINGARREST,36
OCSD.LagunaNiguel.CRIMESAGAINSTPERSONS.ROBBERYINPROGRESS,32
OCSD.LagunaNiguel.CRIMESAGAINSTPERSONS.SEXUALASSAULT,139
OCSD.LagunaNiguel.CRIMESAGAINSTPERSONS.SHOOTINGATINHABITEDDWELLINGINPROGRESS,1
OCSD.LagunaNiguel.DISTURBANCE,
OCSD.LagunaNiguel.DISTURBANCE.DISTURBANCE,23
OCSD.LagunaNiguel.DISTURBANCE.PEEKINGWHILELOITERING,1
OCSD.LagunaNiguel.DISTURBANCE.RAILROADTRESSPASSING,1
OCSD.LagunaNiguel.DISTURBANCE.TRESPASSING,43
OCSD.LagunaNiguel.DRUGS/INTOXICATION,
OCSD.LagunaNiguel.DRUGS/INTOXICATION.DRIVINGUNDERTHEINFLUENCE,180
OCSD.LagunaNiguel.DRUGS/INTOXICATION.DRUNKINPUBLIC,58
OCSD.LagunaNiguel.DRUGS/INTOXICATION.NARCOTICVIOLATION,115
OCSD.LagunaNiguel.DRUGS/INTOXICATION.NARCOTICVIOLATIONMISDEMEANOR,50
OCSD.LagunaNiguel.DRUGS/INTOXICATION.OpenContainer,14
OCSD.LagunaNiguel.DRUGS/INTOXICATION.POSSESSIONFORSALEOFNARCOTICS,18
OCSD.LagunaNiguel.DRUGS/INTOXICATION.POSSESSIONFORSLAEOFDESIGNATEDSUBSTANCES,37
OCSD.LagunaNiguel.DRUGS/INTOXICATION.POSSESSIONOFACONTROLLEDSUBSTANCE,15
OCSD.LagunaNiguel.DRUGS/INTOXICATION.PossessionofDrugParaphernalia,235
OCSD.LagunaNiguel.DRUGS/INTOXICATION.PossessionofMarijuanaforSale,7
OCSD.LagunaNiguel.DRUGS/INTOXICATION.PossessionofMethamphetamine,136
OCSD.LagunaNiguel.DRUGS/INTOXICATION.POSSESSIONOFTOLUENE,16
OCSD.LagunaNiguel.DRUGS/INTOXICATION.SALEOFMETHAMPHETAMINE,15
OCSD.LagunaNiguel.DRUGS/INTOXICATION.SALEORTRANSPORTATIONOFACONTROLLEDSUBSTANCE,3
OCSD.LagunaNiguel.DRUGS/INTOXICATION.TRANSPORTINGORSALEOFMETHAMPHETAMINE,6
OCSD.LagunaNiguel.DRUGS/INTOXICATION.UNDERTHEINFLUENCEDRUGS,17
OCSD.LagunaNiguel.PROPERTYDAMAGE,
OCSD.LagunaNiguel.PROPERTYDAMAGE.VANDALISMINPROGRESS,280
OCSD.LagunaNiguel.RESISTINGARREST,
OCSD.LagunaNiguel.RESISTINGARREST.RESISTINGARREST,2
OCSD.LagunaNiguel.THEFT/BURGLARY,
OCSD.LagunaNiguel.THEFT/BURGLARY.APPROPRIATIONOFLOSTPROPERTY,10
OCSD.LagunaNiguel.THEFT/BURGLARY.BURGLARYINPROGRESS,152
OCSD.LagunaNiguel.THEFT/BURGLARY.CHECKFRAUD,6
OCSD.LagunaNiguel.THEFT/BURGLARY.COUNTERFITGOODS,2
OCSD.LagunaNiguel.THEFT/BURGLARY.CRIMINALPROFITTEERING,1
OCSD.LagunaNiguel.THEFT/BURGLARY.DEFRAUDINGANINNKEEPER,7
OCSD.LagunaNiguel.THEFT/BURGLARY.ForgeryandCounterfeiting,3
OCSD.LagunaNiguel.THEFT/BURGLARY.FORGERYINPROGRESS,11
OCSD.LagunaNiguel.THEFT/BURGLARY.GRANDTHEFT,198
OCSD.LagunaNiguel.THEFT/BURGLARY.IDTHEFT,97
OCSD.LagunaNiguel.THEFT/BURGLARY.PETTYTHEFT,19
OCSD.LagunaNiguel.THEFT/BURGLARY.POSSESSIONOFBURGLARYTOOL,15
OCSD.LagunaNiguel.THEFT/BURGLARY.RECEIVINGSTOLENPROPERTY,22
OCSD.LagunaNiguel.THEFT/BURGLARY.STOLENVEHICLE,3
OCSD.LagunaNiguel.THEFT/BURGLARY.TAMPERINGWITHAVEHICLE,19
OCSD.LagunaNiguel.THEFT/BURGLARY.UnlawfulTakingorDrivingaVehicle,135
OCSD.LagunaNiguel.THREATSAGAINSTPERSONS,
OCSD.LagunaNiguel.THREATSAGAINSTPERSONS.BRANDISHINGAWEAPON,12
OCSD.LagunaNiguel.THREATSAGAINSTPERSONS.POSSESSIONOFWEAPONONCAMPUS,4
OCSD.LagunaNiguel.THREATSAGAINSTPERSONS.TERRORISTTHREATS,33
OCSD.LagunaWoods,
OCSD.LagunaWoods.CRIMESAGAINSTPERSONS,
OCSD.LagunaWoods.CRIMESAGAINSTPERSONS.ASSAULTWITHDEADLYWEAPON,4
OCSD.LagunaWoods.CRIMESAGAINSTPERSONS.Assault/Battery,19
OCSD.LagunaWoods.CRIMESAGAINSTPERSONS.ATTEMPTEDMURDER,1
OCSD.LagunaWoods.CRIMESAGAINSTPERSONS.DOMESTICVIOLENCE,35
OCSD.LagunaWoods.CRIMESAGAINSTPERSONS.ELDERLYABUSE,9
OCSD.LagunaWoods.CRIMESAGAINSTPERSONS.FALSEIMPRISONMENT,2
OCSD.LagunaWoods.CRIMESAGAINSTPERSONS.INDECENTEXPOSURE,3
OCSD.LagunaWoods.CRIMESAGAINSTPERSONS.KIDNAPPING,1
OCSD.LagunaWoods.CRIMESAGAINSTPERSONS.LEWDCONDUCT-CHILDABUSE,1
OCSD.LagunaWoods.CRIMESAGAINSTPERSONS.ROBBERYINPROGRESS,4
OCSD.LagunaWoods.CRIMESAGAINSTPERSONS.SEXUALASSAULT,14
OCSD.LagunaWoods.CRIMESAGAINSTPERSONS.SHOOTINGATINHABITEDDWELLINGINPROGRESS,1
OCSD.LagunaWoods.DISTURBANCE,
OCSD.LagunaWoods.DISTURBANCE.DISTURBANCE,2
OCSD.LagunaWoods.DISTURBANCE.LOITERINGONPRIVATEPROPERTTY,1
OCSD.LagunaWoods.DISTURBANCE.TRESPASSING,12
OCSD.LagunaWoods.DRUGS/INTOXICATION,
OCSD.LagunaWoods.DRUGS/INTOXICATION.DRIVINGUNDERTHEINFLUENCE,16
OCSD.LagunaWoods.DRUGS/INTOXICATION.NARCOTICVIOLATION,4
OCSD.LagunaWoods.DRUGS/INTOXICATION.NARCOTICVIOLATIONMISDEMEANOR,1
OCSD.LagunaWoods.DRUGS/INTOXICATION.OpenContainer,2
OCSD.LagunaWoods.DRUGS/INTOXICATION.POSSESSIONFORSLAEOFDESIGNATEDSUBSTANCES,1
OCSD.LagunaWoods.DRUGS/INTOXICATION.POSSESSIONOFACONTROLLEDSUBSTANCE,2
OCSD.LagunaWoods.DRUGS/INTOXICATION.PossessionofDrugParaphernalia,18
OCSD.LagunaWoods.DRUGS/INTOXICATION.PossessionofMethamphetamine,11
OCSD.LagunaWoods.DRUGS/INTOXICATION.POSSESSIONOFTOLUENE,2
OCSD.LagunaWoods.DRUGS/INTOXICATION.SALEOFMETHAMPHETAMINE,1
OCSD.LagunaWoods.DRUGS/INTOXICATION.UNDERTHEINFLUENCEDRUGS,1
OCSD.LagunaWoods.PROPERTYDAMAGE,
OCSD.LagunaWoods.PROPERTYDAMAGE.VANDALISMINPROGRESS,38
OCSD.LagunaWoods.THEFT/BURGLARY,
OCSD.LagunaWoods.THEFT/BURGLARY.BURGLARYINPROGRESS,27
OCSD.LagunaWoods.THEFT/BURGLARY.CHECKFRAUD,2
OCSD.LagunaWoods.THEFT/BURGLARY.FORGERYINPROGRESS,2
OCSD.LagunaWoods.THEFT/BURGLARY.GRANDTHEFT,57
OCSD.LagunaWoods.THEFT/BURGLARY.IDTHEFT,13
OCSD.LagunaWoods.THEFT/BURGLARY.PETTYTHEFT,5
OCSD.LagunaWoods.THEFT/BURGLARY.RECEIVINGSTOLENPROPERTY,8
OCSD.LagunaWoods.THEFT/BURGLARY.TAMPERINGWITHAVEHICLE,1
OCSD.LagunaWoods.THEFT/BURGLARY.UnlawfulTakingorDrivingaVehicle,18
OCSD.LagunaWoods.THREATSAGAINSTPERSONS,
OCSD.LagunaWoods.THREATSAGAINSTPERSONS.BRANDISHINGAWEAPON,1
OCSD.LagunaWoods.THREATSAGAINSTPERSONS.POSSESSIONOFWEAPONONCAMPUS,1
OCSD.LagunaWoods.THREATSAGAINSTPERSONS.TERRORISTTHREATS,3
OCSD.LakeForest,
OCSD.LakeForest.CRIMESAGAINSTPERSONS,
OCSD.LakeForest.CRIMESAGAINSTPERSONS.ANNOYINGORMOLESTINGACHILD,2
OCSD.LakeForest.CRIMESAGAINSTPERSONS.ASSAULTONPOLICEOFFICER,17
OCSD.LakeForest.CRIMESAGAINSTPERSONS.ASSAULTWITHDEADLYWEAPON,90
OCSD.LakeForest.CRIMESAGAINSTPERSONS.Assault/Battery,143
OCSD.LakeForest.CRIMESAGAINSTPERSONS.ATTEMPTEDMURDER,8
OCSD.LakeForest.CRIMESAGAINSTPERSONS.CARJACKINGINPROGRESS,4
OCSD.LakeForest.CRIMESAGAINSTPERSONS.CONCEALEDDIRKORDAGGER,45
OCSD.LakeForest.CRIMESAGAINSTPERSONS.DOMESTICVIOLENCE,381
OCSD.LakeForest.CRIMESAGAINSTPERSONS.ELDERLYABUSE,9
OCSD.LakeForest.CRIMESAGAINSTPERSONS.FALSEIMPRISONMENT,25
OCSD.LakeForest.CRIMESAGAINSTPERSONS.HOMICIDE,1
OCSD.LakeForest.CRIMESAGAINSTPERSONS.INDECENTEXPOSURE,5
OCSD.LakeForest.CRIMESAGAINSTPERSONS.KIDNAPPING,8
OCSD.LakeForest.CRIMESAGAINSTPERSONS.LEWDCONDUCT-CHILDABUSE,26
OCSD.LakeForest.CRIMESAGAINSTPERSONS.MANSLAUGHTER,1
OCSD.LakeForest.CRIMESAGAINSTPERSONS.MetalKnuckles,15
OCSD.LakeForest.CRIMESAGAINSTPERSONS.PEEKINGWITHINSTRUMENT,1
OCSD.LakeForest.CRIMESAGAINSTPERSONS.RESISTINGARREST,31
OCSD.LakeForest.CRIMESAGAINSTPERSONS.ROBBERYINPROGRESS,44
OCSD.LakeForest.CRIMESAGAINSTPERSONS.SEXUALASSAULT,215
OCSD.LakeForest.CRIMESAGAINSTPERSONS.SHOOTINGATINHABITEDDWELLINGINPROGRESS,3
OCSD.LakeForest.DISTURBANCE,
OCSD.LakeForest.DISTURBANCE.DISORDERLYCONDUCT-PROSTITUTION,1
OCSD.LakeForest.DISTURBANCE.DISTURBANCE,9
OCSD.LakeForest.DISTURBANCE.lewdCONDUCT,3
OCSD.LakeForest.DISTURBANCE.LOITERINGONPRIVATEPROPERTTY,10
OCSD.LakeForest.DISTURBANCE.PEEKINGWHILELOITERING,1
OCSD.LakeForest.DISTURBANCE.PUBLICNUISANCE,1
OCSD.LakeForest.DISTURBANCE.RAILROADTRESSPASSING,2
OCSD.LakeForest.DISTURBANCE.TRESPASSING,68
OCSD.LakeForest.DISTURBANCE.URINATINGINPUBLIC,1
OCSD.LakeForest.DRUGS/INTOXICATION,
OCSD.LakeForest.DRUGS/INTOXICATION.DRIVINGUNDERTHEINFLUENCE,226
OCSD.LakeForest.DRUGS/INTOXICATION.DRUNKINPUBLIC,97
OCSD.LakeForest.DRUGS/INTOXICATION.NARCOTICVIOLATION,319
OCSD.LakeForest.DRUGS/INTOXICATION.NARCOTICVIOLATIONMISDEMEANOR,115
OCSD.LakeForest.DRUGS/INTOXICATION.OpenContainer,46
OCSD.LakeForest.DRUGS/INTOXICATION.POSSESSIONFORSALEOFNARCOTICS,44
OCSD.LakeForest.DRUGS/INTOXICATION.POSSESSIONFORSLAEOFDESIGNATEDSUBSTANCES,83
OCSD.LakeForest.DRUGS/INTOXICATION.POSSESSIONOFACONTROLLEDSUBSTANCE,63
OCSD.LakeForest.DRUGS/INTOXICATION.PossessionofDrugParaphernalia,841
OCSD.LakeForest.DRUGS/INTOXICATION.PossessionofMarijuanaforSale,11
OCSD.LakeForest.DRUGS/INTOXICATION.PossessionofMethamphetamine,601
OCSD.LakeForest.DRUGS/INTOXICATION.POSSESSIONOFTOLUENE,17
OCSD.LakeForest.DRUGS/INTOXICATION.SALEOFMETHAMPHETAMINE,63
OCSD.LakeForest.DRUGS/INTOXICATION.SALEORTRANSPORTATIONOFACONTROLLEDSUBSTANCE,11
OCSD.LakeForest.DRUGS/INTOXICATION.TRANSPORTINGORSALEOFMETHAMPHETAMINE,14
OCSD.LakeForest.DRUGS/INTOXICATION.UNDERTHEINFLUENCEDRUGS,82
OCSD.LakeForest.PROPERTYDAMAGE,
OCSD.LakeForest.PROPERTYDAMAGE.MALICIOUSMISCHIEFTOAVEHICLE,1
OCSD.LakeForest.PROPERTYDAMAGE.VANDALISMINPROGRESS,473
OCSD.LakeForest.RESISTINGARREST,
OCSD.LakeForest.RESISTINGARREST.RESISTINGARREST,13
OCSD.LakeForest.THEFT/BURGLARY,
OCSD.LakeForest.THEFT/BURGLARY.APPROPRIATIONOFLOSTPROPERTY,42
OCSD.LakeForest.THEFT/BURGLARY.BREAKINGINTOUNINHABITEDHOME,1
OCSD.LakeForest.THEFT/BURGLARY.BURGLARYINPROGRESS,115
OCSD.LakeForest.THEFT/BURGLARY.CHECKFRAUD,22
OCSD.LakeForest.THEFT/BURGLARY.COUNTERFITGOODS,1
OCSD.LakeForest.THEFT/BURGLARY.CRIMINALPROFITTEERING,7
OCSD.LakeForest.THEFT/BURGLARY.DEFRAUDINGANINNKEEPER,9
OCSD.LakeForest.THEFT/BURGLARY.ForgeryandCounterfeiting,8
OCSD.LakeForest.THEFT/BURGLARY.FORGERYINPROGRESS,30
OCSD.LakeForest.THEFT/BURGLARY.ForgingOrPossessingAFraudulentPublicSeal,9
OCSD.LakeForest.THEFT/BURGLARY.GRANDTHEFT,276
OCSD.LakeForest.THEFT/BURGLARY.IDTHEFT,145
OCSD.LakeForest.THEFT/BURGLARY.PETTYTHEFT,18
OCSD.LakeForest.THEFT/BURGLARY.POSSESSIONOFBURGLARYTOOL,32
OCSD.LakeForest.THEFT/BURGLARY.RECEIVINGSTOLENPROPERTY,66
OCSD.LakeForest.THEFT/BURGLARY.STOLENVEHICLE,8
OCSD.LakeForest.THEFT/BURGLARY.TAMPERINGWITHAVEHICLE,28
OCSD.LakeForest.THEFT/BURGLARY.UnlawfulTakingorDrivingaVehicle,209
OCSD.LakeForest.THREATSAGAINSTPERSONS,
OCSD.LakeForest.THREATSAGAINSTPERSONS.BRANDISHINGAWEAPON,27
OCSD.LakeForest.THREATSAGAINSTPERSONS.POSSESSIONOFWEAPONONCAMPUS,10
OCSD.LakeForest.THREATSAGAINSTPERSONS.TERRORISTTHREATS,62
OCSD.LosFlores,
OCSD.LosFlores.CRIMESAGAINSTPERSONS,
OCSD.LosFlores.CRIMESAGAINSTPERSONS.ASSAULTWITHDEADLYWEAPON,1
OCSD.LosFlores.CRIMESAGAINSTPERSONS.Assault/Battery,4
OCSD.LosFlores.CRIMESAGAINSTPERSONS.ATTEMPTEDMURDER,2
OCSD.LosFlores.CRIMESAGAINSTPERSONS.DOMESTICVIOLENCE,33
OCSD.LosFlores.CRIMESAGAINSTPERSONS.FALSEIMPRISONMENT,1
OCSD.LosFlores.CRIMESAGAINSTPERSONS.LEWDCONDUCT-CHILDABUSE,1
OCSD.LosFlores.CRIMESAGAINSTPERSONS.ROBBERYINPROGRESS,2
OCSD.LosFlores.CRIMESAGAINSTPERSONS.SEXUALASSAULT,10
OCSD.LosFlores.DISTURBANCE,
OCSD.LosFlores.DISTURBANCE.TRESPASSING,2
OCSD.LosFlores.DRUGS/INTOXICATION,
OCSD.LosFlores.DRUGS/INTOXICATION.DRIVINGUNDERTHEINFLUENCE,2
OCSD.LosFlores.DRUGS/INTOXICATION.DRUNKINPUBLIC,1
OCSD.LosFlores.DRUGS/INTOXICATION.NARCOTICVIOLATION,1
OCSD.LosFlores.DRUGS/INTOXICATION.NARCOTICVIOLATIONMISDEMEANOR,6
OCSD.LosFlores.DRUGS/INTOXICATION.POSSESSIONFORSALEOFNARCOTICS,2
OCSD.LosFlores.DRUGS/INTOXICATION.PossessionofDrugParaphernalia,2
OCSD.LosFlores.DRUGS/INTOXICATION.PossessionofMethamphetamine,2
OCSD.LosFlores.DRUGS/INTOXICATION.UNDERTHEINFLUENCEDRUGS,1
OCSD.LosFlores.PROPERTYDAMAGE,
OCSD.LosFlores.PROPERTYDAMAGE.VANDALISMINPROGRESS,14
OCSD.LosFlores.RESISTINGARREST,
OCSD.LosFlores.RESISTINGARREST.RESISTINGARREST,1
OCSD.LosFlores.THEFT/BURGLARY,
OCSD.LosFlores.THEFT/BURGLARY.BURGLARYINPROGRESS,1
OCSD.LosFlores.THEFT/BURGLARY.CHECKFRAUD,1
OCSD.LosFlores.THEFT/BURGLARY.GRANDTHEFT,10
OCSD.LosFlores.THEFT/BURGLARY.PETTYTHEFT,1
OCSD.LosFlores.THEFT/BURGLARY.TAMPERINGWITHAVEHICLE,4
OCSD.LosFlores.THEFT/BURGLARY.UnlawfulTakingorDrivingaVehicle,5
OCSD.LosFlores.THREATSAGAINSTPERSONS,
OCSD.LosFlores.THREATSAGAINSTPERSONS.POSSESSIONOFWEAPONONCAMPUS,3
OCSD.LosFlores.THREATSAGAINSTPERSONS.TERRORISTTHREATS,2
OCSD.MidwayCity,
OCSD.MidwayCity.CRIMESAGAINSTPERSONS,
OCSD.MidwayCity.CRIMESAGAINSTPERSONS.ANNOYINGORMOLESTINGACHILD,1
OCSD.MidwayCity.CRIMESAGAINSTPERSONS.ASSAULTONPOLICEOFFICER,1
OCSD.MidwayCity.CRIMESAGAINSTPERSONS.ASSAULTWITHDEADLYWEAPON,10
OCSD.MidwayCity.CRIMESAGAINSTPERSONS.Assault/Battery,17
OCSD.MidwayCity.CRIMESAGAINSTPERSONS.ATTEMPTEDMURDER,3
OCSD.MidwayCity.CRIMESAGAINSTPERSONS.CONCEALEDDIRKORDAGGER,6
OCSD.MidwayCity.CRIMESAGAINSTPERSONS.DOMESTICVIOLENCE,71
OCSD.MidwayCity.CRIMESAGAINSTPERSONS.ELDERLYABUSE,1
OCSD.MidwayCity.CRIMESAGAINSTPERSONS.INDECENTEXPOSURE,2
OCSD.MidwayCity.CRIMESAGAINSTPERSONS.KIDNAPPING,2
OCSD.MidwayCity.CRIMESAGAINSTPERSONS.LEWDCONDUCT-CHILDABUSE,2
OCSD.MidwayCity.CRIMESAGAINSTPERSONS.RESISTINGARREST,4
OCSD.MidwayCity.CRIMESAGAINSTPERSONS.ROBBERYINPROGRESS,6
OCSD.MidwayCity.CRIMESAGAINSTPERSONS.SEXUALASSAULT,30
OCSD.MidwayCity.DISTURBANCE,
OCSD.MidwayCity.DISTURBANCE.DISTURBANCE,2
OCSD.MidwayCity.DISTURBANCE.LOITERINGONPRIVATEPROPERTTY,3
OCSD.MidwayCity.DISTURBANCE.PEEKINGWHILELOITERING,2
OCSD.MidwayCity.DISTURBANCE.TRESPASSING,6
OCSD.MidwayCity.DRUGS/INTOXICATION,
OCSD.MidwayCity.DRUGS/INTOXICATION.DRIVINGUNDERTHEINFLUENCE,2
OCSD.MidwayCity.DRUGS/INTOXICATION.NARCOTICVIOLATION,17
OCSD.MidwayCity.DRUGS/INTOXICATION.NARCOTICVIOLATIONMISDEMEANOR,5
OCSD.MidwayCity.DRUGS/INTOXICATION.OpenContainer,2
OCSD.MidwayCity.DRUGS/INTOXICATION.POSSESSIONFORSALEOFNARCOTICS,4
OCSD.MidwayCity.DRUGS/INTOXICATION.POSSESSIONFORSLAEOFDESIGNATEDSUBSTANCES,3
OCSD.MidwayCity.DRUGS/INTOXICATION.POSSESSIONOFACONTROLLEDSUBSTANCE,3
OCSD.MidwayCity.DRUGS/INTOXICATION.PossessionofDrugParaphernalia,97
OCSD.MidwayCity.DRUGS/INTOXICATION.PossessionofMarijuanaforSale,3
OCSD.MidwayCity.DRUGS/INTOXICATION.PossessionofMethamphetamine,70
OCSD.MidwayCity.DRUGS/INTOXICATION.SALEOFMETHAMPHETAMINE,8
OCSD.MidwayCity.DRUGS/INTOXICATION.SALEORTRANSPORTATIONOFACONTROLLEDSUBSTANCE,2
OCSD.MidwayCity.DRUGS/INTOXICATION.TRANSPORTINGORSALEOFMETHAMPHETAMINE,5
OCSD.MidwayCity.DRUGS/INTOXICATION.UNDERTHEINFLUENCEDRUGS,6
OCSD.MidwayCity.PROPERTYDAMAGE,
OCSD.MidwayCity.PROPERTYDAMAGE.MALICIOUSMISCHIEFTOAVEHICLE,1
OCSD.MidwayCity.PROPERTYDAMAGE.VANDALISMINPROGRESS,51
OCSD.MidwayCity.RESISTINGARREST,
OCSD.MidwayCity.RESISTINGARREST.RESISTINGARREST,1
OCSD.MidwayCity.THEFT/BURGLARY,
OCSD.MidwayCity.THEFT/BURGLARY.APPROPRIATIONOFLOSTPROPERTY,1
OCSD.MidwayCity.THEFT/BURGLARY.BURGLARYINPROGRESS,3
OCSD.MidwayCity.THEFT/BURGLARY.CHECKFRAUD,1
OCSD.MidwayCity.THEFT/BURGLARY.CRIMINALPROFITTEERING,2
OCSD.MidwayCity.THEFT/BURGLARY.FORGERYINPROGRESS,5
OCSD.MidwayCity.THEFT/BURGLARY.GRANDTHEFT,19
OCSD.MidwayCity.THEFT/BURGLARY.IDTHEFT,8
OCSD.MidwayCity.THEFT/BURGLARY.POSSESSIONOFBURGLARYTOOL,5
OCSD.MidwayCity.THEFT/BURGLARY.RECEIVINGSTOLENPROPERTY,7
OCSD.MidwayCity.THEFT/BURGLARY.TAMPERINGWITHAVEHICLE,8
OCSD.MidwayCity.THEFT/BURGLARY.UnlawfulTakingorDrivingaVehicle,66
OCSD.MidwayCity.THREATSAGAINSTPERSONS,
OCSD.MidwayCity.THREATSAGAINSTPERSONS.BRANDISHINGAWEAPON,3
OCSD.MidwayCity.THREATSAGAINSTPERSONS.TERRORISTTHREATS,7
OCSD.MissionViejo,
OCSD.MissionViejo.CRIMESAGAINSTPERSONS,
OCSD.MissionViejo.CRIMESAGAINSTPERSONS.ANNOYINGORMOLESTINGACHILD,1
OCSD.MissionViejo.CRIMESAGAINSTPERSONS.ASSAULTONPOLICEOFFICER,11
OCSD.MissionViejo.CRIMESAGAINSTPERSONS.ASSAULTWITHDEADLYWEAPON,48
OCSD.MissionViejo.CRIMESAGAINSTPERSONS.Assault/Battery,164
OCSD.MissionViejo.CRIMESAGAINSTPERSONS.ATTEMPTEDMURDER,6
OCSD.MissionViejo.CRIMESAGAINSTPERSONS.CARJACKINGINPROGRESS,1
OCSD.MissionViejo.CRIMESAGAINSTPERSONS.CONCEALEDDIRKORDAGGER,10
OCSD.MissionViejo.CRIMESAGAINSTPERSONS.DOMESTICVIOLENCE,430
OCSD.MissionViejo.CRIMESAGAINSTPERSONS.ELDERLYABUSE,6
OCSD.MissionViejo.CRIMESAGAINSTPERSONS.FALSEIMPRISONMENT,6
OCSD.MissionViejo.CRIMESAGAINSTPERSONS.HOMICIDE,1
OCSD.MissionViejo.CRIMESAGAINSTPERSONS.INDECENTEXPOSURE,12
OCSD.MissionViejo.CRIMESAGAINSTPERSONS.KIDNAPPING,3
OCSD.MissionViejo.CRIMESAGAINSTPERSONS.LEWDCONDUCT-CHILDABUSE,23
OCSD.MissionViejo.CRIMESAGAINSTPERSONS.MetalKnuckles,6
OCSD.MissionViejo.CRIMESAGAINSTPERSONS.PEEKINGWITHINSTRUMENT,2
OCSD.MissionViejo.CRIMESAGAINSTPERSONS.POSSESSIONOFCHILDPORNOGRAPHY,2
OCSD.MissionViejo.CRIMESAGAINSTPERSONS.RESISTINGARREST,21
OCSD.MissionViejo.CRIMESAGAINSTPERSONS.ROBBERYINPROGRESS,61
OCSD.MissionViejo.CRIMESAGAINSTPERSONS.SEXUALASSAULT,199
OCSD.MissionViejo.CRIMESAGAINSTPERSONS.SHOOTINGATINHABITEDDWELLINGINPROGRESS,3
OCSD.MissionViejo.DISTURBANCE,
OCSD.MissionViejo.DISTURBANCE.DISORDERLYCONDUCT-PROSTITUTION,1
OCSD.MissionViejo.DISTURBANCE.DISTURBANCE,5
OCSD.MissionViejo.DISTURBANCE.PEEKINGWHILELOITERING,1
OCSD.MissionViejo.DISTURBANCE.TRESPASSING,53
OCSD.MissionViejo.DISTURBANCE.URINATINGINPUBLIC,1
OCSD.MissionViejo.DRUGS/INTOXICATION,
OCSD.MissionViejo.DRUGS/INTOXICATION.DRIVINGUNDERTHEINFLUENCE,185
OCSD.MissionViejo.DRUGS/INTOXICATION.DRUNKINPUBLIC,15
OCSD.MissionViejo.DRUGS/INTOXICATION.NARCOTICVIOLATION,209
OCSD.MissionViejo.DRUGS/INTOXICATION.NARCOTICVIOLATIONMISDEMEANOR,139
OCSD.MissionViejo.DRUGS/INTOXICATION.OpenContainer,12
OCSD.MissionViejo.DRUGS/INTOXICATION.POSSESSIONFORSALEOFNARCOTICS,20
OCSD.MissionViejo.DRUGS/INTOXICATION.POSSESSIONFORSLAEOFDESIGNATEDSUBSTANCES,62
OCSD.MissionViejo.DRUGS/INTOXICATION.POSSESSIONOFACONTROLLEDSUBSTANCE,34
OCSD.MissionViejo.DRUGS/INTOXICATION.PossessionofDrugParaphernalia,431
OCSD.MissionViejo.DRUGS/INTOXICATION.PossessionofMarijuanaforSale,8
OCSD.MissionViejo.DRUGS/INTOXICATION.PossessionofMethamphetamine,245
OCSD.MissionViejo.DRUGS/INTOXICATION.POSSESSIONOFTOLUENE,5
OCSD.MissionViejo.DRUGS/INTOXICATION.SALEOFMETHAMPHETAMINE,29
OCSD.MissionViejo.DRUGS/INTOXICATION.SALEORTRANSPORTATIONOFACONTROLLEDSUBSTANCE,2
OCSD.MissionViejo.DRUGS/INTOXICATION.TRANSPORTINGORSALEOFMETHAMPHETAMINE,5
OCSD.MissionViejo.DRUGS/INTOXICATION.UNDERTHEINFLUENCEDRUGS,14
OCSD.MissionViejo.PROPERTYDAMAGE,
OCSD.MissionViejo.PROPERTYDAMAGE.MALICIOUSMISCHIEFTOAVEHICLE,1
OCSD.MissionViejo.PROPERTYDAMAGE.VANDALISMINPROGRESS,408
OCSD.MissionViejo.RESISTINGARREST,
OCSD.MissionViejo.RESISTINGARREST.RESISTINGARREST,12
OCSD.MissionViejo.THEFT/BURGLARY,
OCSD.MissionViejo.THEFT/BURGLARY.APPROPRIATIONOFLOSTPROPERTY,13
OCSD.MissionViejo.THEFT/BURGLARY.BURGLARYINPROGRESS,239
OCSD.MissionViejo.THEFT/BURGLARY.CHECKFRAUD,9
OCSD.MissionViejo.THEFT/BURGLARY.COUNTERFITGOODS,2
OCSD.MissionViejo.THEFT/BURGLARY.CRIMINALPROFITTEERING,3
OCSD.MissionViejo.THEFT/BURGLARY.DEFRAUDINGANINNKEEPER,13
OCSD.MissionViejo.THEFT/BURGLARY.EXTORTIONBYPOSINGASKIDNAPPER,1
OCSD.MissionViejo.THEFT/BURGLARY.ForgeryandCounterfeiting,3
OCSD.MissionViejo.THEFT/BURGLARY.FORGERYINPROGRESS,15
OCSD.MissionViejo.THEFT/BURGLARY.GRANDTHEFT,314
OCSD.MissionViejo.THEFT/BURGLARY.IDTHEFT,134
OCSD.MissionViejo.THEFT/BURGLARY.PETTYTHEFT,35
OCSD.MissionViejo.THEFT/BURGLARY.POSSESSIONOFBURGLARYTOOL,19
OCSD.MissionViejo.THEFT/BURGLARY.RECEIVINGSTOLENPROPERTY,54
OCSD.MissionViejo.THEFT/BURGLARY.STOLENVEHICLE,4
OCSD.MissionViejo.THEFT/BURGLARY.TAMPERINGWITHAVEHICLE,28
OCSD.MissionViejo.THEFT/BURGLARY.UnlawfulTakingorDrivingaVehicle,161
OCSD.MissionViejo.THREATSAGAINSTPERSONS,
OCSD.MissionViejo.THREATSAGAINSTPERSONS.BRANDISHINGAWEAPON,14
OCSD.MissionViejo.THREATSAGAINSTPERSONS.POSSESSIONOFWEAPONONCAMPUS,25
OCSD.MissionViejo.THREATSAGAINSTPERSONS.TERRORISTTHREATS,46
OCSD.NewportHarbor,
OCSD.NewportHarbor.CRIMESAGAINSTPERSONS,
OCSD.NewportHarbor.CRIMESAGAINSTPERSONS.ASSAULTWITHDEADLYWEAPON,1
OCSD.NewportHarbor.CRIMESAGAINSTPERSONS.Assault/Battery,6
OCSD.NewportHarbor.CRIMESAGAINSTPERSONS.DOMESTICVIOLENCE,5
OCSD.NewportHarbor.CRIMESAGAINSTPERSONS.SEXUALASSAULT,2
OCSD.NewportHarbor.DRUGS/INTOXICATION,
OCSD.NewportHarbor.DRUGS/INTOXICATION.NARCOTICVIOLATION,2
OCSD.NewportHarbor.DRUGS/INTOXICATION.NARCOTICVIOLATIONMISDEMEANOR,1
OCSD.NewportHarbor.DRUGS/INTOXICATION.PossessionofMethamphetamine,1
OCSD.NewportHarbor.DRUGS/INTOXICATION.SALEOFMETHAMPHETAMINE,1
OCSD.NewportHarbor.PROPERTYDAMAGE,
OCSD.NewportHarbor.PROPERTYDAMAGE.VANDALISMINPROGRESS,1
OCSD.NewportHarbor.THEFT/BURGLARY,
OCSD.NewportHarbor.THEFT/BURGLARY.GRANDTHEFT,6
OCSD.NewportHarbor.THEFT/BURGLARY.RECEIVINGSTOLENPROPERTY,2
OCSD.RanchoMissionViejo,
OCSD.RanchoMissionViejo.CRIMESAGAINSTPERSONS,
OCSD.RanchoMissionViejo.CRIMESAGAINSTPERSONS.ASSAULTWITHDEADLYWEAPON,1
OCSD.RanchoMissionViejo.CRIMESAGAINSTPERSONS.Assault/Battery,3
OCSD.RanchoMissionViejo.CRIMESAGAINSTPERSONS.DOMESTICVIOLENCE,7
OCSD.RanchoMissionViejo.CRIMESAGAINSTPERSONS.ROBBERYINPROGRESS,1
OCSD.RanchoMissionViejo.CRIMESAGAINSTPERSONS.SEXUALASSAULT,5
OCSD.RanchoMissionViejo.DISTURBANCE,
OCSD.RanchoMissionViejo.DISTURBANCE.TRESPASSING,3
OCSD.RanchoMissionViejo.DRUGS/INTOXICATION,
OCSD.RanchoMissionViejo.DRUGS/INTOXICATION.DRUNKINPUBLIC,1
OCSD.RanchoMissionViejo.DRUGS/INTOXICATION.NARCOTICVIOLATION,2
OCSD.RanchoMissionViejo.DRUGS/INTOXICATION.POSSESSIONOFACONTROLLEDSUBSTANCE,1
OCSD.RanchoMissionViejo.DRUGS/INTOXICATION.PossessionofDrugParaphernalia,5
OCSD.RanchoMissionViejo.DRUGS/INTOXICATION.PossessionofMethamphetamine,3
OCSD.RanchoMissionViejo.DRUGS/INTOXICATION.UNDERTHEINFLUENCEDRUGS,1
OCSD.RanchoMissionViejo.PROPERTYDAMAGE,
OCSD.RanchoMissionViejo.PROPERTYDAMAGE.VANDALISMINPROGRESS,10
OCSD.RanchoMissionViejo.THEFT/BURGLARY,
OCSD.RanchoMissionViejo.THEFT/BURGLARY.GRANDTHEFT,8
OCSD.RanchoMissionViejo.THEFT/BURGLARY.IDTHEFT,1
OCSD.RanchoMissionViejo.THEFT/BURGLARY.PETTYTHEFT,1
OCSD.RanchoMissionViejo.THEFT/BURGLARY.UnlawfulTakingorDrivingaVehicle,3
OCSD.RanchoMissionViejo.THREATSAGAINSTPERSONS,
OCSD.RanchoMissionViejo.THREATSAGAINSTPERSONS.TERRORISTTHREATS,1
OCSD.RanchoSantaMargirita,
OCSD.RanchoSantaMargirita.CRIMESAGAINSTPERSONS,
OCSD.RanchoSantaMargirita.CRIMESAGAINSTPERSONS.ANNOYINGORMOLESTINGACHILD,1
OCSD.RanchoSantaMargirita.CRIMESAGAINSTPERSONS.Assault/Battery,5
OCSD.RanchoSantaMargirita.CRIMESAGAINSTPERSONS.DOMESTICVIOLENCE,22
OCSD.RanchoSantaMargirita.CRIMESAGAINSTPERSONS.FALSEIMPRISONMENT,1
OCSD.RanchoSantaMargirita.CRIMESAGAINSTPERSONS.INDECENTEXPOSURE,1
OCSD.RanchoSantaMargirita.CRIMESAGAINSTPERSONS.LEWDCONDUCT-CHILDABUSE,3
OCSD.RanchoSantaMargirita.CRIMESAGAINSTPERSONS.MetalKnuckles,1
OCSD.RanchoSantaMargirita.CRIMESAGAINSTPERSONS.RESISTINGARREST,1
OCSD.RanchoSantaMargirita.CRIMESAGAINSTPERSONS.ROBBERYINPROGRESS,2
OCSD.RanchoSantaMargirita.CRIMESAGAINSTPERSONS.SEXUALASSAULT,8
OCSD.RanchoSantaMargirita.DISTURBANCE,
OCSD.RanchoSantaMargirita.DISTURBANCE.TRESPASSING,1
OCSD.RanchoSantaMargirita.DRUGS/INTOXICATION,
OCSD.RanchoSantaMargirita.DRUGS/INTOXICATION.DRIVINGUNDERTHEINFLUENCE,5
OCSD.RanchoSantaMargirita.DRUGS/INTOXICATION.NARCOTICVIOLATION,7
OCSD.RanchoSantaMargirita.DRUGS/INTOXICATION.NARCOTICVIOLATIONMISDEMEANOR,4
OCSD.RanchoSantaMargirita.DRUGS/INTOXICATION.OpenContainer,3
OCSD.RanchoSantaMargirita.DRUGS/INTOXICATION.POSSESSIONOFACONTROLLEDSUBSTANCE,1
OCSD.RanchoSantaMargirita.DRUGS/INTOXICATION.PossessionofDrugParaphernalia,13
OCSD.RanchoSantaMargirita.DRUGS/INTOXICATION.PossessionofMethamphetamine,10
OCSD.RanchoSantaMargirita.DRUGS/INTOXICATION.SALEOFMETHAMPHETAMINE,1
OCSD.RanchoSantaMargirita.DRUGS/INTOXICATION.UNDERTHEINFLUENCEDRUGS,2
OCSD.RanchoSantaMargirita.PROPERTYDAMAGE,
OCSD.RanchoSantaMargirita.PROPERTYDAMAGE.MALICIOUSMISCHIEFTOAVEHICLE,1
OCSD.RanchoSantaMargirita.PROPERTYDAMAGE.VANDALISMINPROGRESS,32
OCSD.RanchoSantaMargirita.THEFT/BURGLARY,
OCSD.RanchoSantaMargirita.THEFT/BURGLARY.APPROPRIATIONOFLOSTPROPERTY,1
OCSD.RanchoSantaMargirita.THEFT/BURGLARY.BURGLARYINPROGRESS,6
OCSD.RanchoSantaMargirita.THEFT/BURGLARY.FORGERYINPROGRESS,2
OCSD.RanchoSantaMargirita.THEFT/BURGLARY.GRANDTHEFT,35
OCSD.RanchoSantaMargirita.THEFT/BURGLARY.IDTHEFT,15
OCSD.RanchoSantaMargirita.THEFT/BURGLARY.PETTYTHEFT,3
OCSD.RanchoSantaMargirita.THEFT/BURGLARY.POSSESSIONOFBURGLARYTOOL,3
OCSD.RanchoSantaMargirita.THEFT/BURGLARY.RECEIVINGSTOLENPROPERTY,3
OCSD.RanchoSantaMargirita.THEFT/BURGLARY.TAMPERINGWITHAVEHICLE,2
OCSD.RanchoSantaMargirita.THEFT/BURGLARY.UnlawfulTakingorDrivingaVehicle,20
OCSD.RobinsonRanch,
OCSD.RobinsonRanch.CRIMESAGAINSTPERSONS,
OCSD.RobinsonRanch.CRIMESAGAINSTPERSONS.ASSAULTONPOLICEOFFICER,4
OCSD.RobinsonRanch.CRIMESAGAINSTPERSONS.ASSAULTWITHDEADLYWEAPON,25
OCSD.RobinsonRanch.CRIMESAGAINSTPERSONS.Assault/Battery,71
OCSD.RobinsonRanch.CRIMESAGAINSTPERSONS.ATTEMPTEDMURDER,4
OCSD.RobinsonRanch.CRIMESAGAINSTPERSONS.CONCEALEDDIRKORDAGGER,2
OCSD.RobinsonRanch.CRIMESAGAINSTPERSONS.DOMESTICVIOLENCE,251
OCSD.RobinsonRanch.CRIMESAGAINSTPERSONS.ELDERLYABUSE,7
OCSD.RobinsonRanch.CRIMESAGAINSTPERSONS.FALSEIMPRISONMENT,9
OCSD.RobinsonRanch.CRIMESAGAINSTPERSONS.INDECENTEXPOSURE,3
OCSD.RobinsonRanch.CRIMESAGAINSTPERSONS.KIDNAPPING,2
OCSD.RobinsonRanch.CRIMESAGAINSTPERSONS.LEWDCONDUCT-CHILDABUSE,11
OCSD.RobinsonRanch.CRIMESAGAINSTPERSONS.MANSLAUGHTER,1
OCSD.RobinsonRanch.CRIMESAGAINSTPERSONS.PEEKINGWITHINSTRUMENT,2
OCSD.RobinsonRanch.CRIMESAGAINSTPERSONS.RESISTINGARREST,2
OCSD.RobinsonRanch.CRIMESAGAINSTPERSONS.ROBBERYINPROGRESS,15
OCSD.RobinsonRanch.CRIMESAGAINSTPERSONS.SEXUALASSAULT,113
OCSD.RobinsonRanch.CRIMESAGAINSTPERSONS.SHOOTINGATINHABITEDDWELLINGINPROGRESS,2
OCSD.RobinsonRanch.DISTURBANCE,
OCSD.RobinsonRanch.DISTURBANCE.DISTURBANCE,10
OCSD.RobinsonRanch.DISTURBANCE.LOITERINGONPRIVATEPROPERTTY,2
OCSD.RobinsonRanch.DISTURBANCE.PEEKINGWHILELOITERING,1
OCSD.RobinsonRanch.DISTURBANCE.TRESPASSING,24
OCSD.RobinsonRanch.DISTURBANCE.URINATINGINPUBLIC,1
OCSD.RobinsonRanch.DRUGS/INTOXICATION,
OCSD.RobinsonRanch.DRUGS/INTOXICATION.DRIVINGUNDERTHEINFLUENCE,99
OCSD.RobinsonRanch.DRUGS/INTOXICATION.DRUNKINPUBLIC,11
OCSD.RobinsonRanch.DRUGS/INTOXICATION.NARCOTICVIOLATION,38
OCSD.RobinsonRanch.DRUGS/INTOXICATION.NARCOTICVIOLATIONMISDEMEANOR,34
OCSD.RobinsonRanch.DRUGS/INTOXICATION.OpenContainer,7
OCSD.RobinsonRanch.DRUGS/INTOXICATION.POSSESSIONFORSALEOFNARCOTICS,2
OCSD.RobinsonRanch.DRUGS/INTOXICATION.POSSESSIONFORSLAEOFDESIGNATEDSUBSTANCES,5
OCSD.RobinsonRanch.DRUGS/INTOXICATION.POSSESSIONOFACONTROLLEDSUBSTANCE,16
OCSD.RobinsonRanch.DRUGS/INTOXICATION.PossessionofDrugParaphernalia,76
OCSD.RobinsonRanch.DRUGS/INTOXICATION.PossessionofMethamphetamine,34
OCSD.RobinsonRanch.DRUGS/INTOXICATION.POSSESSIONOFTOLUENE,8
OCSD.RobinsonRanch.DRUGS/INTOXICATION.SALEOFMETHAMPHETAMINE,2
OCSD.RobinsonRanch.DRUGS/INTOXICATION.SALEORTRANSPORTATIONOFACONTROLLEDSUBSTANCE,2
OCSD.RobinsonRanch.DRUGS/INTOXICATION.UNDERTHEINFLUENCEDRUGS,5
OCSD.RobinsonRanch.PROPERTYDAMAGE,
OCSD.RobinsonRanch.PROPERTYDAMAGE.MALICIOUSMISCHIEFTOAVEHICLE,1
OCSD.RobinsonRanch.PROPERTYDAMAGE.VANDALISMINPROGRESS,219
OCSD.RobinsonRanch.THEFT/BURGLARY,
OCSD.RobinsonRanch.THEFT/BURGLARY.BURGLARYINPROGRESS,47
OCSD.RobinsonRanch.THEFT/BURGLARY.CHECKFRAUD,4
OCSD.RobinsonRanch.THEFT/BURGLARY.COUNTERFITGOODS,2
OCSD.RobinsonRanch.THEFT/BURGLARY.CRIMINALPROFITTEERING,2
OCSD.RobinsonRanch.THEFT/BURGLARY.DEFRAUDINGANINNKEEPER,1
OCSD.RobinsonRanch.THEFT/BURGLARY.ForgeryandCounterfeiting,1
OCSD.RobinsonRanch.THEFT/BURGLARY.FORGERYINPROGRESS,4
OCSD.RobinsonRanch.THEFT/BURGLARY.GRANDTHEFT,107
OCSD.RobinsonRanch.THEFT/BURGLARY.IDTHEFT,38
OCSD.RobinsonRanch.THEFT/BURGLARY.PETTYTHEFT,10
OCSD.RobinsonRanch.THEFT/BURGLARY.POSSESSIONOFBURGLARYTOOL,3
OCSD.RobinsonRanch.THEFT/BURGLARY.RECEIVINGSTOLENPROPERTY,13
OCSD.RobinsonRanch.THEFT/BURGLARY.TAMPERINGWITHAVEHICLE,6
OCSD.RobinsonRanch.THEFT/BURGLARY.UnlawfulTakingorDrivingaVehicle,35
OCSD.RobinsonRanch.THREATSAGAINSTPERSONS,
OCSD.RobinsonRanch.THREATSAGAINSTPERSONS.BRANDISHINGAWEAPON,14
OCSD.RobinsonRanch.THREATSAGAINSTPERSONS.POSSESSIONOFWEAPONONCAMPUS,5
OCSD.RobinsonRanch.THREATSAGAINSTPERSONS.TERRORISTTHREATS,28
OCSD.SanClemente,
OCSD.SanClemente.CRIMESAGAINSTPERSONS,
OCSD.SanClemente.CRIMESAGAINSTPERSONS.ANNOYINGORMOLESTINGACHILD,3
OCSD.SanClemente.CRIMESAGAINSTPERSONS.ASSAULTONPOLICEOFFICER,7
OCSD.SanClemente.CRIMESAGAINSTPERSONS.ASSAULTWITHDEADLYWEAPON,56
OCSD.SanClemente.CRIMESAGAINSTPERSONS.Assault/Battery,140
OCSD.SanClemente.CRIMESAGAINSTPERSONS.ATTEMPTEDMURDER,9
OCSD.SanClemente.CRIMESAGAINSTPERSONS.CARJACKINGINPROGRESS,8
OCSD.SanClemente.CRIMESAGAINSTPERSONS.CONCEALEDDIRKORDAGGER,15
OCSD.SanClemente.CRIMESAGAINSTPERSONS.DOMESTICVIOLENCE,281
OCSD.SanClemente.CRIMESAGAINSTPERSONS.ELDERLYABUSE,8
OCSD.SanClemente.CRIMESAGAINSTPERSONS.FALSEIMPRISONMENT,15
OCSD.SanClemente.CRIMESAGAINSTPERSONS.INDECENTEXPOSURE,11
OCSD.SanClemente.CRIMESAGAINSTPERSONS.KIDNAPPING,4
OCSD.SanClemente.CRIMESAGAINSTPERSONS.LEWDCONDUCT-CHILDABUSE,16
OCSD.SanClemente.CRIMESAGAINSTPERSONS.MetalKnuckles,5
OCSD.SanClemente.CRIMESAGAINSTPERSONS.PEEKINGWITHINSTRUMENT,2
OCSD.SanClemente.CRIMESAGAINSTPERSONS.POSSESSIONOFCHILDPORNOGRAPHY,4
OCSD.SanClemente.CRIMESAGAINSTPERSONS.RESISTINGARREST,25
OCSD.SanClemente.CRIMESAGAINSTPERSONS.ROBBERYINPROGRESS,34
OCSD.SanClemente.CRIMESAGAINSTPERSONS.SEXUALASSAULT,190
OCSD.SanClemente.CRIMESAGAINSTPERSONS.SHOOTINGATINHABITEDDWELLINGINPROGRESS,4
OCSD.SanClemente.DISTURBANCE,
OCSD.SanClemente.DISTURBANCE.BEGGINGORSOLICITINGINPUBLIC,4
OCSD.SanClemente.DISTURBANCE.DISTURBANCE,17
OCSD.SanClemente.DISTURBANCE.lewdCONDUCT,3
OCSD.SanClemente.DISTURBANCE.LOITERINGONPRIVATEPROPERTTY,9
OCSD.SanClemente.DISTURBANCE.PUBLICNUISANCE,19
OCSD.SanClemente.DISTURBANCE.RAILROADTRESSPASSING,1
OCSD.SanClemente.DISTURBANCE.TRESPASSING,147
OCSD.SanClemente.DISTURBANCE.URINATINGINPUBLIC,2
OCSD.SanClemente.DRUGS/INTOXICATION,
OCSD.SanClemente.DRUGS/INTOXICATION.DRIVINGUNDERTHEINFLUENCE,227
OCSD.SanClemente.DRUGS/INTOXICATION.DRUNKINPUBLIC,59
OCSD.SanClemente.DRUGS/INTOXICATION.NARCOTICVIOLATION,244
OCSD.SanClemente.DRUGS/INTOXICATION.NARCOTICVIOLATIONMISDEMEANOR,148
OCSD.SanClemente.DRUGS/INTOXICATION.OpenContainer,33
OCSD.SanClemente.DRUGS/INTOXICATION.POSSESSIONFORSALEOFNARCOTICS,25
OCSD.SanClemente.DRUGS/INTOXICATION.POSSESSIONFORSLAEOFDESIGNATEDSUBSTANCES,43
OCSD.SanClemente.DRUGS/INTOXICATION.POSSESSIONOFACONTROLLEDSUBSTANCE,33
OCSD.SanClemente.DRUGS/INTOXICATION.PossessionofDrugParaphernalia,646
OCSD.SanClemente.DRUGS/INTOXICATION.PossessionofMarijuanaforSale,3
OCSD.SanClemente.DRUGS/INTOXICATION.PossessionofMethamphetamine,369
OCSD.SanClemente.DRUGS/INTOXICATION.POSSESSIONOFTOLUENE,4
OCSD.SanClemente.DRUGS/INTOXICATION.SALEOFMETHAMPHETAMINE,29
OCSD.SanClemente.DRUGS/INTOXICATION.SALEORTRANSPORTATIONOFACONTROLLEDSUBSTANCE,6
OCSD.SanClemente.DRUGS/INTOXICATION.TRANSPORTINGORSALEOFMETHAMPHETAMINE,8
OCSD.SanClemente.DRUGS/INTOXICATION.UNDERTHEINFLUENCEDRUGS,37
OCSD.SanClemente.PROPERTYDAMAGE,
OCSD.SanClemente.PROPERTYDAMAGE.MALICIOUSMISCHIEFTOAVEHICLE,4
OCSD.SanClemente.PROPERTYDAMAGE.VANDALISMINPROGRESS,407
OCSD.SanClemente.RESISTINGARREST,
OCSD.SanClemente.RESISTINGARREST.RESISTINGARREST,9
OCSD.SanClemente.THEFT/BURGLARY,
OCSD.SanClemente.THEFT/BURGLARY.APPROPRIATIONOFLOSTPROPERTY,31
OCSD.SanClemente.THEFT/BURGLARY.BURGLARYINPROGRESS,213
OCSD.SanClemente.THEFT/BURGLARY.CHECKFRAUD,2
OCSD.SanClemente.THEFT/BURGLARY.COUNTERFITGOODS,1
OCSD.SanClemente.THEFT/BURGLARY.CRIMINALPROFITTEERING,15
OCSD.SanClemente.THEFT/BURGLARY.DEFRAUDINGANINNKEEPER,12
OCSD.SanClemente.THEFT/BURGLARY.ForgeryandCounterfeiting,3
OCSD.SanClemente.THEFT/BURGLARY.FORGERYINPROGRESS,10
OCSD.SanClemente.THEFT/BURGLARY.ForgingOrPossessingAFraudulentPublicSeal,1
OCSD.SanClemente.THEFT/BURGLARY.GRANDTHEFT,270
OCSD.SanClemente.THEFT/BURGLARY.IDTHEFT,348
OCSD.SanClemente.THEFT/BURGLARY.PETTYTHEFT,18
OCSD.SanClemente.THEFT/BURGLARY.POSSESSIONOFBURGLARYTOOL,23
OCSD.SanClemente.THEFT/BURGLARY.RECEIVINGSTOLENPROPERTY,56
OCSD.SanClemente.THEFT/BURGLARY.STOLENVEHICLE,4
OCSD.SanClemente.THEFT/BURGLARY.TAMPERINGWITHAVEHICLE,22
OCSD.SanClemente.THEFT/BURGLARY.UnlawfulTakingorDrivingaVehicle,177
OCSD.SanClemente.THREATSAGAINSTPERSONS,
OCSD.SanClemente.THREATSAGAINSTPERSONS.BRANDISHINGAWEAPON,30
OCSD.SanClemente.THREATSAGAINSTPERSONS.POSSESSIONOFWEAPONONCAMPUS,10
OCSD.SanClemente.THREATSAGAINSTPERSONS.TERRORISTTHREATS,42
OCSD.SanJuanCapitstrano,
OCSD.SanJuanCapitstrano.CRIMESAGAINSTPERSONS,
OCSD.SanJuanCapitstrano.CRIMESAGAINSTPERSONS.ANNOYINGORMOLESTINGACHILD,2
OCSD.SanJuanCapitstrano.CRIMESAGAINSTPERSONS.ASSAULTONPOLICEOFFICER,13
OCSD.SanJuanCapitstrano.CRIMESAGAINSTPERSONS.ASSAULTWITHDEADLYWEAPON,65
OCSD.SanJuanCapitstrano.CRIMESAGAINSTPERSONS.Assault/Battery,105
OCSD.SanJuanCapitstrano.CRIMESAGAINSTPERSONS.ATTEMPTEDMURDER,17
OCSD.SanJuanCapitstrano.CRIMESAGAINSTPERSONS.CARJACKINGINPROGRESS,1
OCSD.SanJuanCapitstrano.CRIMESAGAINSTPERSONS.CONCEALEDDIRKORDAGGER,30
OCSD.SanJuanCapitstrano.CRIMESAGAINSTPERSONS.DOMESTICVIOLENCE,253
OCSD.SanJuanCapitstrano.CRIMESAGAINSTPERSONS.ELDERLYABUSE,9
OCSD.SanJuanCapitstrano.CRIMESAGAINSTPERSONS.FALSEIMPRISONMENT,9
OCSD.SanJuanCapitstrano.CRIMESAGAINSTPERSONS.HOMICIDE,1
OCSD.SanJuanCapitstrano.CRIMESAGAINSTPERSONS.INDECENTEXPOSURE,15
OCSD.SanJuanCapitstrano.CRIMESAGAINSTPERSONS.KIDNAPPING,1
OCSD.SanJuanCapitstrano.CRIMESAGAINSTPERSONS.LEWDCONDUCT-CHILDABUSE,29
OCSD.SanJuanCapitstrano.CRIMESAGAINSTPERSONS.MANSLAUGHTER,1
OCSD.SanJuanCapitstrano.CRIMESAGAINSTPERSONS.MetalKnuckles,6
OCSD.SanJuanCapitstrano.CRIMESAGAINSTPERSONS.RESISTINGARREST,22
OCSD.SanJuanCapitstrano.CRIMESAGAINSTPERSONS.ROBBERYINPROGRESS,29
OCSD.SanJuanCapitstrano.CRIMESAGAINSTPERSONS.SEXUALASSAULT,122
OCSD.SanJuanCapitstrano.CRIMESAGAINSTPERSONS.SHOOTINGATINHABITEDDWELLINGINPROGRESS,2
OCSD.SanJuanCapitstrano.DISTURBANCE,
OCSD.SanJuanCapitstrano.DISTURBANCE.DISTURBANCE,23
OCSD.SanJuanCapitstrano.DISTURBANCE.lewdCONDUCT,2
OCSD.SanJuanCapitstrano.DISTURBANCE.LOITERINGONPRIVATEPROPERTTY,6
OCSD.SanJuanCapitstrano.DISTURBANCE.PEEKINGWHILELOITERING,1
OCSD.SanJuanCapitstrano.DISTURBANCE.RAILROADTRESSPASSING,12
OCSD.SanJuanCapitstrano.DISTURBANCE.TRESPASSING,62
OCSD.SanJuanCapitstrano.DRUGS/INTOXICATION,
OCSD.SanJuanCapitstrano.DRUGS/INTOXICATION.DRIVINGUNDERTHEINFLUENCE,56
OCSD.SanJuanCapitstrano.DRUGS/INTOXICATION.DRUNKINPUBLIC,46
OCSD.SanJuanCapitstrano.DRUGS/INTOXICATION.NARCOTICVIOLATION,194
OCSD.SanJuanCapitstrano.DRUGS/INTOXICATION.NARCOTICVIOLATIONMISDEMEANOR,119
OCSD.SanJuanCapitstrano.DRUGS/INTOXICATION.OpenContainer,33
OCSD.SanJuanCapitstrano.DRUGS/INTOXICATION.POSSESSIONFORSALEOFNARCOTICS,7
OCSD.SanJuanCapitstrano.DRUGS/INTOXICATION.POSSESSIONFORSLAEOFDESIGNATEDSUBSTANCES,34
OCSD.SanJuanCapitstrano.DRUGS/INTOXICATION.POSSESSIONOFACONTROLLEDSUBSTANCE,32
OCSD.SanJuanCapitstrano.DRUGS/INTOXICATION.PossessionofDrugParaphernalia,646
OCSD.SanJuanCapitstrano.DRUGS/INTOXICATION.PossessionofMarijuanaforSale,6
OCSD.SanJuanCapitstrano.DRUGS/INTOXICATION.PossessionofMethamphetamine,352
OCSD.SanJuanCapitstrano.DRUGS/INTOXICATION.POSSESSIONOFTOLUENE,4
OCSD.SanJuanCapitstrano.DRUGS/INTOXICATION.SALEOFMETHAMPHETAMINE,34
OCSD.SanJuanCapitstrano.DRUGS/INTOXICATION.SALEORTRANSPORTATIONOFACONTROLLEDSUBSTANCE,1
OCSD.SanJuanCapitstrano.DRUGS/INTOXICATION.TRANSPORTINGORSALEOFMETHAMPHETAMINE,21
OCSD.SanJuanCapitstrano.DRUGS/INTOXICATION.UNDERTHEINFLUENCEDRUGS,14
OCSD.SanJuanCapitstrano.PROPERTYDAMAGE,
OCSD.SanJuanCapitstrano.PROPERTYDAMAGE.MALICIOUSMISCHIEFTOAVEHICLE,2
OCSD.SanJuanCapitstrano.PROPERTYDAMAGE.VANDALISMINPROGRESS,316
OCSD.SanJuanCapitstrano.RESISTINGARREST,
OCSD.SanJuanCapitstrano.RESISTINGARREST.RESISTINGARREST,8
OCSD.SanJuanCapitstrano.THEFT/BURGLARY,
OCSD.SanJuanCapitstrano.THEFT/BURGLARY.APPROPRIATIONOFLOSTPROPERTY,26
OCSD.SanJuanCapitstrano.THEFT/BURGLARY.BURGLARYINPROGRESS,71
OCSD.SanJuanCapitstrano.THEFT/BURGLARY.CHECKFRAUD,5
OCSD.SanJuanCapitstrano.THEFT/BURGLARY.CRIMINALPROFITTEERING,15
OCSD.SanJuanCapitstrano.THEFT/BURGLARY.DEFRAUDINGANINNKEEPER,2
OCSD.SanJuanCapitstrano.THEFT/BURGLARY.EXTORTIONBYPOSINGASKIDNAPPER,1
OCSD.SanJuanCapitstrano.THEFT/BURGLARY.ForgeryandCounterfeiting,6
OCSD.SanJuanCapitstrano.THEFT/BURGLARY.FORGERYINPROGRESS,18
OCSD.SanJuanCapitstrano.THEFT/BURGLARY.GRANDTHEFT,139
OCSD.SanJuanCapitstrano.THEFT/BURGLARY.IDTHEFT,65
OCSD.SanJuanCapitstrano.THEFT/BURGLARY.PETTYTHEFT,15
OCSD.SanJuanCapitstrano.THEFT/BURGLARY.POSSESSIONOFBURGLARYTOOL,22
OCSD.SanJuanCapitstrano.THEFT/BURGLARY.RECEIVINGSTOLENPROPERTY,48
OCSD.SanJuanCapitstrano.THEFT/BURGLARY.STOLENVEHICLE,1
OCSD.SanJuanCapitstrano.THEFT/BURGLARY.TAMPERINGWITHAVEHICLE,7
OCSD.SanJuanCapitstrano.THEFT/BURGLARY.UnlawfulTakingorDrivingaVehicle,120
OCSD.SanJuanCapitstrano.THREATSAGAINSTPERSONS,
OCSD.SanJuanCapitstrano.THREATSAGAINSTPERSONS.BRANDISHINGAWEAPON,10
OCSD.SanJuanCapitstrano.THREATSAGAINSTPERSONS.POSSESSIONOFWEAPONONCAMPUS,6
OCSD.SanJuanCapitstrano.THREATSAGAINSTPERSONS.TERRORISTTHREATS,37
OCSD.SilveradoCanyon,
OCSD.SilveradoCanyon.CRIMESAGAINSTPERSONS,
OCSD.SilveradoCanyon.CRIMESAGAINSTPERSONS.ASSAULTONPOLICEOFFICER,1
OCSD.SilveradoCanyon.CRIMESAGAINSTPERSONS.ASSAULTWITHDEADLYWEAPON,2
OCSD.SilveradoCanyon.CRIMESAGAINSTPERSONS.Assault/Battery,4
OCSD.SilveradoCanyon.CRIMESAGAINSTPERSONS.DOMESTICVIOLENCE,18
OCSD.SilveradoCanyon.CRIMESAGAINSTPERSONS.KIDNAPPING,1
OCSD.SilveradoCanyon.CRIMESAGAINSTPERSONS.MetalKnuckles,1
OCSD.SilveradoCanyon.CRIMESAGAINSTPERSONS.SEXUALASSAULT,7
OCSD.SilveradoCanyon.CRIMESAGAINSTPERSONS.SHOOTINGATINHABITEDDWELLINGINPROGRESS,1
OCSD.SilveradoCanyon.DISTURBANCE,
OCSD.SilveradoCanyon.DISTURBANCE.DISTURBANCE,1
OCSD.SilveradoCanyon.DISTURBANCE.TRESPASSING,1
OCSD.SilveradoCanyon.DRUGS/INTOXICATION,
OCSD.SilveradoCanyon.DRUGS/INTOXICATION.DRIVINGUNDERTHEINFLUENCE,2
OCSD.SilveradoCanyon.DRUGS/INTOXICATION.DRUNKINPUBLIC,3
OCSD.SilveradoCanyon.DRUGS/INTOXICATION.NARCOTICVIOLATION,1
OCSD.SilveradoCanyon.DRUGS/INTOXICATION.NARCOTICVIOLATIONMISDEMEANOR,4
OCSD.SilveradoCanyon.DRUGS/INTOXICATION.OpenContainer,1
OCSD.SilveradoCanyon.DRUGS/INTOXICATION.POSSESSIONFORSLAEOFDESIGNATEDSUBSTANCES,1
OCSD.SilveradoCanyon.DRUGS/INTOXICATION.PossessionofDrugParaphernalia,1
OCSD.SilveradoCanyon.DRUGS/INTOXICATION.PossessionofMethamphetamine,1
OCSD.SilveradoCanyon.PROPERTYDAMAGE,
OCSD.SilveradoCanyon.PROPERTYDAMAGE.VANDALISMINPROGRESS,28
OCSD.SilveradoCanyon.THEFT/BURGLARY,
OCSD.SilveradoCanyon.THEFT/BURGLARY.CRIMINALPROFITTEERING,1
OCSD.SilveradoCanyon.THEFT/BURGLARY.GRANDTHEFT,6
OCSD.SilveradoCanyon.THEFT/BURGLARY.IDTHEFT,3
OCSD.SilveradoCanyon.THEFT/BURGLARY.RECEIVINGSTOLENPROPERTY,1
OCSD.SilveradoCanyon.THEFT/BURGLARY.STOLENVEHICLE,1
OCSD.SilveradoCanyon.THEFT/BURGLARY.UnlawfulTakingorDrivingaVehicle,1
OCSD.SilveradoCanyon.THREATSAGAINSTPERSONS,
OCSD.SilveradoCanyon.THREATSAGAINSTPERSONS.TERRORISTTHREATS,3
OCSD.Stanton,
OCSD.Stanton.CRIMESAGAINSTPERSONS,
OCSD.Stanton.CRIMESAGAINSTPERSONS.ANNOYINGORMOLESTINGACHILD,5
OCSD.Stanton.CRIMESAGAINSTPERSONS.ASSAULTONPOLICEOFFICER,14
OCSD.Stanton.CRIMESAGAINSTPERSONS.ASSAULTWITHDEADLYWEAPON,112
OCSD.Stanton.CRIMESAGAINSTPERSONS.Assault/Battery,91
OCSD.Stanton.CRIMESAGAINSTPERSONS.ATTEMPTEDMURDER,23
OCSD.Stanton.CRIMESAGAINSTPERSONS.CARJACKINGINPROGRESS,14
OCSD.Stanton.CRIMESAGAINSTPERSONS.CONCEALEDDIRKORDAGGER,34
OCSD.Stanton.CRIMESAGAINSTPERSONS.DOMESTICVIOLENCE,346
OCSD.Stanton.CRIMESAGAINSTPERSONS.ELDERLYABUSE,10
OCSD.Stanton.CRIMESAGAINSTPERSONS.FALSEIMPRISONMENT,25
OCSD.Stanton.CRIMESAGAINSTPERSONS.HOMICIDE,1
OCSD.Stanton.CRIMESAGAINSTPERSONS.INDECENTEXPOSURE,5
OCSD.Stanton.CRIMESAGAINSTPERSONS.KIDNAPPING,9
OCSD.Stanton.CRIMESAGAINSTPERSONS.LEWDCONDUCT-CHILDABUSE,21
OCSD.Stanton.CRIMESAGAINSTPERSONS.MANSLAUGHTER,3
OCSD.Stanton.CRIMESAGAINSTPERSONS.MetalKnuckles,13
OCSD.Stanton.CRIMESAGAINSTPERSONS.POSSESSIONOFCHILDPORNOGRAPHY,1
OCSD.Stanton.CRIMESAGAINSTPERSONS.RESISTINGARREST,7
OCSD.Stanton.CRIMESAGAINSTPERSONS.ROBBERYINPROGRESS,101
OCSD.Stanton.CRIMESAGAINSTPERSONS.SEXUALASSAULT,118
OCSD.Stanton.CRIMESAGAINSTPERSONS.SHOOTINGATINHABITEDDWELLINGINPROGRESS,10
OCSD.Stanton.DISTURBANCE,
OCSD.Stanton.DISTURBANCE.BEGGINGORSOLICITINGINPUBLIC,1
OCSD.Stanton.DISTURBANCE.DISORDERLYCONDUCT-PROSTITUTION,43
OCSD.Stanton.DISTURBANCE.DISTURBANCE,9
OCSD.Stanton.DISTURBANCE.lewdCONDUCT,2
OCSD.Stanton.DISTURBANCE.PEEKINGWHILELOITERING,1
OCSD.Stanton.DISTURBANCE.RAILROADTRESSPASSING,75
OCSD.Stanton.DISTURBANCE.TRESPASSING,131
OCSD.Stanton.DISTURBANCE.URINATINGINPUBLIC,3
OCSD.Stanton.DRUGS/INTOXICATION,
OCSD.Stanton.DRUGS/INTOXICATION.DRIVINGUNDERTHEINFLUENCE,101
OCSD.Stanton.DRUGS/INTOXICATION.DRUNKINPUBLIC,8
OCSD.Stanton.DRUGS/INTOXICATION.NARCOTICVIOLATION,147
OCSD.Stanton.DRUGS/INTOXICATION.NARCOTICVIOLATIONMISDEMEANOR,40
OCSD.Stanton.DRUGS/INTOXICATION.OpenContainer,8
OCSD.Stanton.DRUGS/INTOXICATION.POSSESSIONFORSALEOFNARCOTICS,18
OCSD.Stanton.DRUGS/INTOXICATION.POSSESSIONFORSLAEOFDESIGNATEDSUBSTANCES,26
OCSD.Stanton.DRUGS/INTOXICATION.POSSESSIONOFACONTROLLEDSUBSTANCE,18
OCSD.Stanton.DRUGS/INTOXICATION.PossessionofDrugParaphernalia,735
OCSD.Stanton.DRUGS/INTOXICATION.PossessionofMarijuanaforSale,7
OCSD.Stanton.DRUGS/INTOXICATION.PossessionofMethamphetamine,477
OCSD.Stanton.DRUGS/INTOXICATION.POSSESSIONOFTOLUENE,1
OCSD.Stanton.DRUGS/INTOXICATION.SALEOFMETHAMPHETAMINE,53
OCSD.Stanton.DRUGS/INTOXICATION.SALEORTRANSPORTATIONOFACONTROLLEDSUBSTANCE,3
OCSD.Stanton.DRUGS/INTOXICATION.TRANSPORTINGORSALEOFMETHAMPHETAMINE,17
OCSD.Stanton.DRUGS/INTOXICATION.UNDERTHEINFLUENCEDRUGS,6
OCSD.Stanton.PROPERTYDAMAGE,
OCSD.Stanton.PROPERTYDAMAGE.MALICIOUSMISCHIEFTOAVEHICLE,2
OCSD.Stanton.PROPERTYDAMAGE.VANDALISMINPROGRESS,371
OCSD.Stanton.RESISTINGARREST,
OCSD.Stanton.RESISTINGARREST.RESISTINGARREST,7
OCSD.Stanton.THEFT/BURGLARY,
OCSD.Stanton.THEFT/BURGLARY.APPROPRIATIONOFLOSTPROPERTY,15
OCSD.Stanton.THEFT/BURGLARY.BURGLARYINPROGRESS,265
OCSD.Stanton.THEFT/BURGLARY.CHECKFRAUD,23
OCSD.Stanton.THEFT/BURGLARY.COUNTERFITGOODS,1
OCSD.Stanton.THEFT/BURGLARY.CRIMINALPROFITTEERING,31
OCSD.Stanton.THEFT/BURGLARY.DEFRAUDINGANINNKEEPER,42
OCSD.Stanton.THEFT/BURGLARY.ForgeryandCounterfeiting,5
OCSD.Stanton.THEFT/BURGLARY.FORGERYINPROGRESS,20
OCSD.Stanton.THEFT/BURGLARY.GRANDTHEFT,136
OCSD.Stanton.THEFT/BURGLARY.IDTHEFT,51
OCSD.Stanton.THEFT/BURGLARY.PETTYTHEFT,7
OCSD.Stanton.THEFT/BURGLARY.POSSESSIONOFBURGLARYTOOL,27
OCSD.Stanton.THEFT/BURGLARY.RECEIVINGSTOLENPROPERTY,91
OCSD.Stanton.THEFT/BURGLARY.STOLENVEHICLE,2
OCSD.Stanton.THEFT/BURGLARY.TAMPERINGWITHAVEHICLE,8
OCSD.Stanton.THEFT/BURGLARY.UnlawfulTakingorDrivingaVehicle,358
OCSD.Stanton.THREATSAGAINSTPERSONS,
OCSD.Stanton.THREATSAGAINSTPERSONS.BRANDISHINGAWEAPON,24
OCSD.Stanton.THREATSAGAINSTPERSONS.TERRORISTTHREATS,41
OCSD.TrabucoCanyon,
OCSD.TrabucoCanyon.CRIMESAGAINSTPERSONS,
OCSD.TrabucoCanyon.CRIMESAGAINSTPERSONS.ASSAULTWITHDEADLYWEAPON,6
OCSD.TrabucoCanyon.CRIMESAGAINSTPERSONS.Assault/Battery,11
OCSD.TrabucoCanyon.CRIMESAGAINSTPERSONS.CARJACKINGINPROGRESS,1
OCSD.TrabucoCanyon.CRIMESAGAINSTPERSONS.DOMESTICVIOLENCE,37
OCSD.TrabucoCanyon.CRIMESAGAINSTPERSONS.ELDERLYABUSE,1
OCSD.TrabucoCanyon.CRIMESAGAINSTPERSONS.HOMICIDE,1
OCSD.TrabucoCanyon.CRIMESAGAINSTPERSONS.KIDNAPPING,1
OCSD.TrabucoCanyon.CRIMESAGAINSTPERSONS.LEWDCONDUCT-CHILDABUSE,5
OCSD.TrabucoCanyon.CRIMESAGAINSTPERSONS.POSSESSIONOFCHILDPORNOGRAPHY,2
OCSD.TrabucoCanyon.CRIMESAGAINSTPERSONS.ROBBERYINPROGRESS,1
OCSD.TrabucoCanyon.CRIMESAGAINSTPERSONS.SEXUALASSAULT,16
OCSD.TrabucoCanyon.DISTURBANCE,
OCSD.TrabucoCanyon.DISTURBANCE.PUBLICNUISANCE,1
OCSD.TrabucoCanyon.DISTURBANCE.TRESPASSING,3
OCSD.TrabucoCanyon.DRUGS/INTOXICATION,
OCSD.TrabucoCanyon.DRUGS/INTOXICATION.DRIVINGUNDERTHEINFLUENCE,3
OCSD.TrabucoCanyon.DRUGS/INTOXICATION.DRUNKINPUBLIC,2
OCSD.TrabucoCanyon.DRUGS/INTOXICATION.NARCOTICVIOLATION,3
OCSD.TrabucoCanyon.DRUGS/INTOXICATION.NARCOTICVIOLATIONMISDEMEANOR,2
OCSD.TrabucoCanyon.DRUGS/INTOXICATION.POSSESSIONFORSALEOFNARCOTICS,1
OCSD.TrabucoCanyon.DRUGS/INTOXICATION.PossessionofDrugParaphernalia,6
OCSD.TrabucoCanyon.DRUGS/INTOXICATION.PossessionofMarijuanaforSale,1
OCSD.TrabucoCanyon.DRUGS/INTOXICATION.PossessionofMethamphetamine,1
OCSD.TrabucoCanyon.PROPERTYDAMAGE,
OCSD.TrabucoCanyon.PROPERTYDAMAGE.MALICIOUSMISCHIEFTOAVEHICLE,1
OCSD.TrabucoCanyon.PROPERTYDAMAGE.VANDALISMINPROGRESS,31
OCSD.TrabucoCanyon.THEFT/BURGLARY,
OCSD.TrabucoCanyon.THEFT/BURGLARY.BURGLARYINPROGRESS,1
OCSD.TrabucoCanyon.THEFT/BURGLARY.CHECKFRAUD,1
OCSD.TrabucoCanyon.THEFT/BURGLARY.GRANDTHEFT,10
OCSD.TrabucoCanyon.THEFT/BURGLARY.IDTHEFT,4
OCSD.TrabucoCanyon.THEFT/BURGLARY.PETTYTHEFT,3
OCSD.TrabucoCanyon.THEFT/BURGLARY.RECEIVINGSTOLENPROPERTY,1
OCSD.TrabucoCanyon.THEFT/BURGLARY.TAMPERINGWITHAVEHICLE,2
OCSD.TrabucoCanyon.THEFT/BURGLARY.UnlawfulTakingorDrivingaVehicle,4
OCSD.TrabucoCanyon.THREATSAGAINSTPERSONS,
OCSD.TrabucoCanyon.THREATSAGAINSTPERSONS.BRANDISHINGAWEAPON,2
OCSD.TrabucoCanyon.THREATSAGAINSTPERSONS.POSSESSIONOFWEAPONONCAMPUS,5
OCSD.TrabucoCanyon.THREATSAGAINSTPERSONS.TERRORISTTHREATS,1
OCSD.VillaPark,
OCSD.VillaPark.CRIMESAGAINSTPERSONS,
OCSD.VillaPark.CRIMESAGAINSTPERSONS.Assault/Battery,8
OCSD.VillaPark.CRIMESAGAINSTPERSONS.ATTEMPTEDMURDER,1
OCSD.VillaPark.CRIMESAGAINSTPERSONS.DOMESTICVIOLENCE,17
OCSD.VillaPark.CRIMESAGAINSTPERSONS.ELDERLYABUSE,1
OCSD.VillaPark.CRIMESAGAINSTPERSONS.INDECENTEXPOSURE,2
OCSD.VillaPark.CRIMESAGAINSTPERSONS.LEWDCONDUCT-CHILDABUSE,2
OCSD.VillaPark.CRIMESAGAINSTPERSONS.MANSLAUGHTER,1
OCSD.VillaPark.CRIMESAGAINSTPERSONS.RESISTINGARREST,1
OCSD.VillaPark.CRIMESAGAINSTPERSONS.ROBBERYINPROGRESS,1
OCSD.VillaPark.CRIMESAGAINSTPERSONS.SEXUALASSAULT,15
OCSD.VillaPark.DISTURBANCE,
OCSD.VillaPark.DISTURBANCE.DISTURBANCE,3
OCSD.VillaPark.DISTURBANCE.TRESPASSING,4
OCSD.VillaPark.DRUGS/INTOXICATION,
OCSD.VillaPark.DRUGS/INTOXICATION.DRIVINGUNDERTHEINFLUENCE,13
OCSD.VillaPark.DRUGS/INTOXICATION.DRUNKINPUBLIC,1
OCSD.VillaPark.DRUGS/INTOXICATION.NARCOTICVIOLATION,3
OCSD.VillaPark.DRUGS/INTOXICATION.NARCOTICVIOLATIONMISDEMEANOR,8
OCSD.VillaPark.DRUGS/INTOXICATION.OpenContainer,6
OCSD.VillaPark.DRUGS/INTOXICATION.POSSESSIONFORSLAEOFDESIGNATEDSUBSTANCES,1
OCSD.VillaPark.DRUGS/INTOXICATION.POSSESSIONOFACONTROLLEDSUBSTANCE,2
OCSD.VillaPark.DRUGS/INTOXICATION.PossessionofDrugParaphernalia,9
OCSD.VillaPark.DRUGS/INTOXICATION.PossessionofMethamphetamine,5
OCSD.VillaPark.DRUGS/INTOXICATION.SALEOFMETHAMPHETAMINE,1
OCSD.VillaPark.PROPERTYDAMAGE,
OCSD.VillaPark.PROPERTYDAMAGE.VANDALISMINPROGRESS,39
OCSD.VillaPark.RESISTINGARREST,
OCSD.VillaPark.RESISTINGARREST.RESISTINGARREST,3
OCSD.VillaPark.THEFT/BURGLARY,
OCSD.VillaPark.THEFT/BURGLARY.APPROPRIATIONOFLOSTPROPERTY,1
OCSD.VillaPark.THEFT/BURGLARY.BURGLARYINPROGRESS,4
OCSD.VillaPark.THEFT/BURGLARY.CHECKFRAUD,1
OCSD.VillaPark.THEFT/BURGLARY.FORGERYINPROGRESS,4
OCSD.VillaPark.THEFT/BURGLARY.GRANDTHEFT,36
OCSD.VillaPark.THEFT/BURGLARY.IDTHEFT,10
OCSD.VillaPark.THEFT/BURGLARY.PETTYTHEFT,1
OCSD.VillaPark.THEFT/BURGLARY.POSSESSIONOFBURGLARYTOOL,1
OCSD.VillaPark.THEFT/BURGLARY.RECEIVINGSTOLENPROPERTY,4
OCSD.VillaPark.THEFT/BURGLARY.TAMPERINGWITHAVEHICLE,5
OCSD.VillaPark.THEFT/BURGLARY.UnlawfulTakingorDrivingaVehicle,7
OCSD.VillaPark.THREATSAGAINSTPERSONS,
OCSD.VillaPark.THREATSAGAINSTPERSONS.BRANDISHINGAWEAPON,2
OCSD.VillaPark.THREATSAGAINSTPERSONS.POSSESSIONOFWEAPONONCAMPUS,11
OCSD.VillaPark.THREATSAGAINSTPERSONS.TERRORISTTHREATS,5
OCSD.YorbaLinda,
OCSD.YorbaLinda.CRIMESAGAINSTPERSONS,
OCSD.YorbaLinda.CRIMESAGAINSTPERSONS.ANNOYINGORMOLESTINGACHILD,1
OCSD.YorbaLinda.CRIMESAGAINSTPERSONS.ASSAULTONPOLICEOFFICER,8
OCSD.YorbaLinda.CRIMESAGAINSTPERSONS.ASSAULTWITHDEADLYWEAPON,16
OCSD.YorbaLinda.CRIMESAGAINSTPERSONS.Assault/Battery,51
OCSD.YorbaLinda.CRIMESAGAINSTPERSONS.ATTEMPTEDMURDER,1
OCSD.YorbaLinda.CRIMESAGAINSTPERSONS.CARJACKINGINPROGRESS,1
OCSD.YorbaLinda.CRIMESAGAINSTPERSONS.CONCEALEDDIRKORDAGGER,12
OCSD.YorbaLinda.CRIMESAGAINSTPERSONS.DOMESTICVIOLENCE,221
OCSD.YorbaLinda.CRIMESAGAINSTPERSONS.ELDERLYABUSE,15
OCSD.YorbaLinda.CRIMESAGAINSTPERSONS.FALSEIMPRISONMENT,5
OCSD.YorbaLinda.CRIMESAGAINSTPERSONS.INDECENTEXPOSURE,5
OCSD.YorbaLinda.CRIMESAGAINSTPERSONS.KIDNAPPING,5
OCSD.YorbaLinda.CRIMESAGAINSTPERSONS.LEWDCONDUCT-CHILDABUSE,25
OCSD.YorbaLinda.CRIMESAGAINSTPERSONS.MANSLAUGHTER,1
OCSD.YorbaLinda.CRIMESAGAINSTPERSONS.MetalKnuckles,4
OCSD.YorbaLinda.CRIMESAGAINSTPERSONS.RESISTINGARREST,3
OCSD.YorbaLinda.CRIMESAGAINSTPERSONS.ROBBERYINPROGRESS,14
OCSD.YorbaLinda.CRIMESAGAINSTPERSONS.SEXUALASSAULT,73
OCSD.YorbaLinda.DISTURBANCE,
OCSD.YorbaLinda.DISTURBANCE.BEGGINGORSOLICITINGINPUBLIC,1
OCSD.YorbaLinda.DISTURBANCE.DISTURBANCE,3
OCSD.YorbaLinda.DISTURBANCE.lewdCONDUCT,2
OCSD.YorbaLinda.DISTURBANCE.LOITERINGONPRIVATEPROPERTTY,1
OCSD.YorbaLinda.DISTURBANCE.PEEKINGWHILELOITERING,1
OCSD.YorbaLinda.DISTURBANCE.PUBLICNUISANCE,1
OCSD.YorbaLinda.DISTURBANCE.RAILROADTRESSPASSING,3
OCSD.YorbaLinda.DISTURBANCE.TRESPASSING,15
OCSD.YorbaLinda.DISTURBANCE.UNNATURALOFFENCES,1
OCSD.YorbaLinda.DRUGS/INTOXICATION,
OCSD.YorbaLinda.DRUGS/INTOXICATION.DRIVINGUNDERTHEINFLUENCE,128
OCSD.YorbaLinda.DRUGS/INTOXICATION.DRUNKINPUBLIC,9
OCSD.YorbaLinda.DRUGS/INTOXICATION.NARCOTICVIOLATION,138
OCSD.YorbaLinda.DRUGS/INTOXICATION.NARCOTICVIOLATIONMISDEMEANOR,64
OCSD.YorbaLinda.DRUGS/INTOXICATION.OpenContainer,32
OCSD.YorbaLinda.DRUGS/INTOXICATION.POSSESSIONFORSALEOFNARCOTICS,18
OCSD.YorbaLinda.DRUGS/INTOXICATION.POSSESSIONFORSLAEOFDESIGNATEDSUBSTANCES,41
OCSD.YorbaLinda.DRUGS/INTOXICATION.POSSESSIONOFACONTROLLEDSUBSTANCE,20
OCSD.YorbaLinda.DRUGS/INTOXICATION.PossessionofDrugParaphernalia,417
OCSD.YorbaLinda.DRUGS/INTOXICATION.PossessionofMarijuanaforSale,8
OCSD.YorbaLinda.DRUGS/INTOXICATION.PossessionofMethamphetamine,217
OCSD.YorbaLinda.DRUGS/INTOXICATION.POSSESSIONOFTOLUENE,1
OCSD.YorbaLinda.DRUGS/INTOXICATION.SALEOFMETHAMPHETAMINE,24
OCSD.YorbaLinda.DRUGS/INTOXICATION.SALEORTRANSPORTATIONOFACONTROLLEDSUBSTANCE,7
OCSD.YorbaLinda.DRUGS/INTOXICATION.TRANSPORTINGORSALEOFMETHAMPHETAMINE,10
OCSD.YorbaLinda.DRUGS/INTOXICATION.UNDERTHEINFLUENCEDRUGS,4
OCSD.YorbaLinda.PROPERTYDAMAGE,
OCSD.YorbaLinda.PROPERTYDAMAGE.VANDALISMINPROGRESS,239
OCSD.YorbaLinda.RESISTINGARREST,
OCSD.YorbaLinda.RESISTINGARREST.RESISTINGARREST,3
OCSD.YorbaLinda.THEFT/BURGLARY,
OCSD.YorbaLinda.THEFT/BURGLARY.APPROPRIATIONOFLOSTPROPERTY,11
OCSD.YorbaLinda.THEFT/BURGLARY.BURGLARYINPROGRESS,112
OCSD.YorbaLinda.THEFT/BURGLARY.CHECKFRAUD,14
OCSD.YorbaLinda.THEFT/BURGLARY.DEFRAUDINGANINNKEEPER,5
OCSD.YorbaLinda.THEFT/BURGLARY.ForgeryandCounterfeiting,7
OCSD.YorbaLinda.THEFT/BURGLARY.FORGERYINPROGRESS,23
OCSD.YorbaLinda.THEFT/BURGLARY.ForgingOrPossessingAFraudulentPublicSeal,2
OCSD.YorbaLinda.THEFT/BURGLARY.GRANDTHEFT,235
OCSD.YorbaLinda.THEFT/BURGLARY.IDTHEFT,143
OCSD.YorbaLinda.THEFT/BURGLARY.PETTYTHEFT,23
OCSD.YorbaLinda.THEFT/BURGLARY.POSSESSIONOFBURGLARYTOOL,33
OCSD.YorbaLinda.THEFT/BURGLARY.RECEIVINGSTOLENPROPERTY,80
OCSD.YorbaLinda.THEFT/BURGLARY.STOLENVEHICLE,2
OCSD.YorbaLinda.THEFT/BURGLARY.TAMPERINGWITHAVEHICLE,19
OCSD.YorbaLinda.THEFT/BURGLARY.UnlawfulTakingorDrivingaVehicle,127
OCSD.YorbaLinda.THREATSAGAINSTPERSONS,
OCSD.YorbaLinda.THREATSAGAINSTPERSONS.BRANDISHINGAWEAPON,5
OCSD.YorbaLinda.THREATSAGAINSTPERSONS.POSSESSIONOFWEAPONONCAMPUS,2
OCSD.YorbaLinda.THREATSAGAINSTPERSONS.TERRORISTTHREATS,26
